numeroTM,curpc,curpm,idSucursal,fecha,tipoPago,subtotal,total
9101106724145825445,905019965331779475,618281783131364326,68,7/22/2021,P,0,0
0947686248599899693,225620543183629840,027737756713026613,27,2/24/2022,p,0,0
6108264403246765346,463000087002505071,300509490687551987,22,8/7/2021,P,0,0
7242647274378224561,202280058521568945,131156092768417942,56,6/23/2021,P,0,0
7254401965914068099,298326459068258361,933442708372758039,62,2/12/2022,e,0,0
2098256415425352837,118002984501584786,931626440465544741,47,4/28/2022,t,0,0
3913638116503496366,745867613027533428,775444745915407435,16,4/26/2022,e,0,0
4145892568746234974,441428045423284668,428513860077342509,5,5/2/2022,p,0,0
5928356355195581534,928679863616934176,584197178738805406,62,11/15/2021,P,0,0
3390510564095167328,334352478604766228,062103542629566568,26,8/26/2021,P,0,0
3171930975027493223,208753334081005296,515293239396423517,29,9/11/2021,E,0,0
2798671110001190972,213797471747940424,018790757116404838,1,1/30/2022,P,0,0
0229231932506875974,858962282132561685,521574668673847268,36,4/1/2022,E,0,0
5711996661838316397,796026093364468992,390615814544769243,29,1/13/2022,P,0,0
1990224033675324621,673829429289687961,342001241880229592,44,8/31/2021,p,0,0
5973733996816512169,255950545096723416,763356621969490582,9,5/15/2022,P,0,0
9511024941340922975,068966915104576850,395941137881350772,54,1/2/2022,P,0,0
8684418184906806206,502363049851751339,044672760666162701,61,9/4/2021,E,0,0
5258870614856410217,940967198505054197,113733864471038990,50,10/4/2021,P,0,0
2243801420791390423,586983208984793472,152581389419809192,14,5/7/2022,P,0,0
9530424535516027436,816383463609904140,264788040898803102,10,6/4/2022,p,0,0
5435600512500530264,530246997063636244,234536169042078323,27,9/30/2021,P,0,0
1157342379167699795,485867995763630622,189068519748623661,18,6/5/2022,E,0,0
7217014744097499077,439303739773577831,660872005765036934,54,1/12/2022,e,0,0
6227667125342583118,163690624887770468,326936897612564925,27,7/24/2021,T,0,0
2413160943048868619,084521316497054397,476155990216741962,11,7/24/2021,P,0,0
0137976210344245640,005494862998403043,779601255086655618,15,11/22/2021,e,0,0
0258669759123660594,765883832882726094,089835951381024315,38,10/3/2021,P,0,0
2021985028794119565,655098874967970303,937280671004603767,47,1/15/2022,E,0,0
7491545032747494584,768851210040292782,532169037319123732,61,10/3/2021,P,0,0
1964950042056622704,316042985355677755,168154608955541702,6,11/17/2021,T,0,0
5329651195489259745,980394818966845739,269398382534379129,38,10/8/2021,p,0,0
8784222338593317154,643920630151934534,871627460626339527,29,1/5/2022,e,0,0
6119929145565487486,551020650534285021,383011676312433704,65,1/24/2022,E,0,0
1465940801657999829,795622989095958465,113733864471038990,32,3/28/2022,p,0,0
8265875009795144152,459770649411923468,197808567450133225,35,7/6/2021,P,0,0
1235645146734715620,270501820802284404,766206535131856458,44,6/20/2021,p,0,0
0637709598997528871,536506006327210639,692345565548461755,58,6/16/2021,p,0,0
7872535255225254696,500826028967532354,344541757726526183,52,8/16/2021,E,0,0
5662764880737486220,413878569614302321,102120317615228291,3,10/3/2021,E,0,0
6728812556266711301,779001356593646870,543678313980433037,30,4/8/2022,P,0,0
4946580396020830118,296756155913317510,326936897612564925,43,9/23/2021,P,0,0
9632701812374269174,714548180148833725,447259615343474486,42,11/15/2021,P,0,0
3469431750741421743,489112502219663958,527827135999631898,56,2/23/2022,p,0,0
8097009906466367343,892459731596800434,504472641142553689,55,11/29/2021,P,0,0
7984916915436523315,000392493218595027,089835951381024315,27,2/21/2022,P,0,0
2095689099656175857,637518558733093590,078975328080032529,50,8/22/2021,E,0,0
8364425631333524841,591011232764547798,844782026599584828,13,10/8/2021,P,0,0
8723818251579462309,585245478433659764,901180150631278668,65,10/6/2021,e,0,0
9560555914461597976,219087992492967623,805884100431327301,18,1/29/2022,p,0,0
6403627627430870354,850012755790280876,344087628882667383,66,11/8/2021,E,0,0
1318200469402328589,465773151057709435,211132070316009192,18,5/29/2022,P,0,0
4709640569196994247,070307453181822437,473270260339732020,46,2/12/2022,P,0,0
8329844159788678729,359246751782826139,583937366079637763,18,9/7/2021,P,0,0
3019396389402530472,035109884511077757,377263025253483845,43,1/7/2022,e,0,0
3117767423452076456,400015299694454492,513947481013199604,44,12/7/2021,P,0,0
7283284501733958915,215948496427614636,971357427518005972,17,4/7/2022,P,0,0
8188568539190776506,825237009249627703,387574648343501580,66,3/26/2022,p,0,0
5017007145375203897,861946698398729966,324981490336520256,51,7/2/2021,P,0,0
1363336710021114245,906848862638005022,138332447764752511,46,6/23/2021,P,0,0
2282080950714394309,491497613208711437,671622509560222977,31,12/3/2021,e,0,0
1464432596329221235,918401631260286111,532802613591452823,50,12/27/2021,P,0,0
6668582252232973104,608483999970517018,901180150631278668,60,9/5/2021,P,0,0
2857727101422328030,015192901671160578,052885239021925858,1,10/30/2021,E,0,0
8590957476953764513,421405790015250108,945666973437671377,48,12/2/2021,P,0,0
5418339148033677611,143706762155028718,766206535131856458,38,8/16/2021,P,0,0
8835229837768408781,817267828169406241,189068519748623661,19,9/8/2021,P,0,0
9830441134154398508,491763055366165284,924066185498471412,60,7/22/2021,P,0,0
1330437186646504987,237386782710296289,264788040898803102,62,4/30/2022,P,0,0
0125751706977790990,075931609660160131,504472641142553689,7,7/11/2021,P,0,0
1009626555991561179,246997241688739922,450792311294560699,38,5/1/2022,p,0,0
0773228402986738374,671981323888273635,131156092768417942,25,4/1/2022,P,0,0
9953972489702837084,025253821443662134,408738656096088852,31,11/24/2021,P,0,0
5275578669732548328,211242428681606886,395941137881350772,41,8/31/2021,p,0,0
2210057736419735574,216119238260261629,326777200893290595,29,6/30/2021,P,0,0
9108443202921264132,519340403810055134,380667103793723621,20,4/10/2022,P,0,0
1523311634578241539,147037634412055735,257676669217854217,7,8/19/2021,P,0,0
1724622303101554502,260000163179540912,196791888813025563,8,8/24/2021,P,0,0
6134447175896965728,261788721535389354,023742442123303857,20,4/9/2022,p,0,0
3446046840051691868,415354661816625862,076121959074199315,55,1/13/2022,p,0,0
3215199896253686266,128619164891772697,724103165541173159,19,7/24/2021,P,0,0
2597090470790196275,577522533437728996,514642806906952730,68,6/26/2021,P,0,0
8034179566660126244,893298891113762339,378325915185034401,7,3/24/2022,P,0,0
1096441893473008239,971202078708069154,657762110936984471,55,10/11/2021,E,0,0
5342087102787640042,726487026289026715,581054139814629106,24,6/14/2022,P,0,0
4836391666972380856,733279206503187400,311432583382275578,43,4/25/2022,P,0,0
6641883215679922269,197514555507175483,771447703742675789,41,5/30/2022,P,0,0
6096920057991322737,234526383636517544,029931612687243328,45,10/30/2021,P,0,0
6408922670003284151,221016608523649137,950176014295785412,24,9/26/2021,t,0,0
0173106444820067492,162772872664724971,460277245600645507,13,2/19/2022,P,0,0
5360812871356137044,608589824973896672,581054139814629106,45,10/25/2021,P,0,0
2324509054791692690,195573717520360625,389496848856921297,45,6/18/2021,T,0,0
0858687462828454890,966056589738992359,915193667348323978,24,9/27/2021,P,0,0
9194218198355625884,686387333795841431,054462363935356078,35,3/16/2022,e,0,0
5421982155141750156,841780289728886342,264099426424307010,14,2/22/2022,P,0,0
0824649569070071162,433242498705220241,385116684572082452,1,7/23/2021,E,0,0
5430792628882600484,291692629742899755,297450368367757096,34,10/27/2021,P,0,0
8923164133361850708,292738301527517118,300509490687551987,4,10/6/2021,P,0,0
9645112901072130183,683939110444293668,211132070316009192,48,6/27/2021,P,0,0
9770445058981500600,290882793120175214,763356621969490582,56,2/6/2022,P,0,0
4795282635239674740,757818849333639604,818665728298554414,44,5/2/2022,P,0,0
6180830269846668483,855604394257998520,950176014295785412,62,11/6/2021,P,0,0
6034890400999904361,334017350472141514,311179467390007059,1,9/19/2021,T,0,0
9548483821176650102,775026241915439556,472075941670469877,8,7/24/2021,e,0,0
4784427026555932610,511015242136261743,440475588903612378,60,12/18/2021,P,0,0
0587132160054765573,243056697636846813,583937366079637763,2,11/9/2021,p,0,0
0587948868733089575,645807454842010376,663187033213477050,4,5/30/2022,P,0,0
1591862252626875081,955609365129847945,269398382534379129,9,3/4/2022,P,0,0
4749686324488808868,879595620723544152,420615529375357365,59,2/26/2022,P,0,0
2612764194389548399,473641305591233704,125108462355237021,32,6/25/2021,P,0,0
5594987956417661840,101899460526736282,131156092768417942,62,4/11/2022,p,0,0
5516677499477039480,710843950843107297,234536169042078323,37,11/20/2021,e,0,0
5204355769359851235,744170935311652622,584197178738805406,55,9/23/2021,P,0,0
0662365690958618952,005085230786144955,901180150631278668,64,9/3/2021,p,0,0
2176436493943479657,200200639163158743,878598310247946488,21,8/25/2021,P,0,0
6797624729973187636,343063361782000030,046180259037335294,10,7/29/2021,T,0,0
8093856076551933214,723656863878882568,302754867929929962,37,3/9/2022,p,0,0
6654911966348115607,464600721800062541,532169037319123732,50,5/5/2022,P,0,0
1925460899124704196,578316651494238450,197808567450133225,68,7/17/2021,E,0,0
5966563004058680991,193391549744311389,383011676312433704,10,4/19/2022,p,0,0
6299148750215127060,519444427502535216,122889882009417476,56,2/23/2022,p,0,0
9726508250865590065,923581869108849751,878598310247946488,45,4/14/2022,P,0,0
2909338646145968299,489575536080727153,357794048166421059,2,7/1/2021,p,0,0
9048769256324005157,718981193994334381,278839560835310929,40,2/19/2022,p,0,0
5324500027756623058,955384136490341689,021792910986169916,46,12/20/2021,P,0,0
3311382864176040719,233394646029018872,075950778604765769,61,3/26/2022,E,0,0
8440336225005283056,019349308336948983,050075599222133561,60,10/15/2021,p,0,0
5290418295294474126,604082939269985950,380667103793723621,51,4/23/2022,P,0,0
7434950221483034598,816069755915437975,326777200893290595,67,1/1/2022,P,0,0
7195853436731834064,760704055887841508,018790757116404838,10,1/11/2022,t,0,0
7916217349956471323,418926742310647285,489386180691629760,10,11/29/2021,P,0,0
5573426342669527547,632259950682683237,297450368367757096,65,6/11/2022,P,0,0
4195625303321990040,790974225406864788,390615814544769243,59,4/8/2022,P,0,0
2917194637165079226,704706336683101251,098374640047920046,39,8/17/2021,p,0,0
1136531530990682418,184313115168641105,493823389500067394,10,1/30/2022,P,0,0
1519482848003377412,685496256941656918,453621062842782934,18,10/11/2021,e,0,0
9776201474939764107,577384686939074792,122889882009417476,65,4/22/2022,E,0,0
2758706626896665951,622162961107520378,615800539331564217,27,12/18/2021,p,0,0
1786365866587544563,491816088076895707,937280671004603767,40,8/19/2021,p,0,0
5708241428734550237,651640638701212782,544131165394859289,14,4/16/2022,P,0,0
6026457723072951358,150256286054692498,845967445505527820,24,4/8/2022,P,0,0
5549340346312694753,484038218306268963,131156092768417942,25,4/26/2022,P,0,0
3805720656887456902,978398581597621919,535181566891217247,42,10/10/2021,p,0,0
8066498846934616652,316350865022811967,692345565548461755,49,2/9/2022,P,0,0
9369958114707153426,858798309750958149,504472641142553689,22,11/6/2021,p,0,0
2182525397647596686,417498919204726844,432330514208611436,45,5/25/2022,P,0,0
8129282917885965504,952397880661373836,387574648343501580,57,9/30/2021,E,0,0
8308362788118818572,311016519662801608,960166209287804004,23,3/22/2022,p,0,0
7998649963087819247,389676984322634700,543678313980433037,48,7/13/2021,p,0,0
1481991009699070901,943886873834374954,189068519748623661,41,5/27/2022,e,0,0
0250594424421985065,692701289324360436,386965694861890437,19,10/13/2021,P,0,0
1019533259368764908,073275327253698272,309599740618748888,21,11/16/2021,P,0,0
6641334875836751944,980162881269286315,264099426424307010,66,9/22/2021,E,0,0
3877175107635839176,000169344749246513,309599740618748888,39,1/23/2022,p,0,0
6118490833410326967,354195903290595341,300509490687551987,18,8/3/2021,P,0,0
2335992419998924601,593622063477844628,064253291366419663,3,6/22/2021,P,0,0
6228164115748219222,850529185502932634,440475588903612378,29,11/15/2021,E,0,0
5666452885253661352,282161498062562178,773464406523353254,28,4/29/2022,P,0,0
6419289424614736705,858860268394605145,344516450937186069,23,2/16/2022,p,0,0
1519621876623775998,634105596386534180,990931308100389003,25,3/16/2022,E,0,0
5941413250186909362,549670819521557232,387574648343501580,23,5/6/2022,p,0,0
9036129006851691759,092785920720801259,450792311294560699,19,8/24/2021,P,0,0
0824729358379057208,236966957253989384,527827135999631898,25,2/16/2022,p,0,0
6996214467300692711,656088084818394843,342001241880229592,31,7/22/2021,P,0,0
0938613232539290756,869896012346958584,152520122193682432,22,6/29/2021,P,0,0
8878955941598762590,491414307072843166,380667103793723621,25,9/2/2021,p,0,0
9722651707963128009,564478378593917126,189823076676114610,50,10/5/2021,t,0,0
1460947395675532022,981174017334237233,076121959074199315,51,9/4/2021,P,0,0
6431992545674254691,359982236585977786,515293239396423517,40,10/15/2021,p,0,0
9938133225046071643,516968297703811010,359270061352251305,47,3/18/2022,p,0,0
1053505922000669012,473676965693169095,994595984919168144,58,7/7/2021,e,0,0
2892058265953572954,057850743867055772,502835555093810763,43,8/6/2021,p,0,0
0055821573840164113,779879631939504415,492332775265782690,53,2/18/2022,P,0,0
8834055268594802336,443350395051485922,869340934625397181,65,5/5/2022,p,0,0
0184684312389306332,538252549118106637,205565240665100643,10,4/17/2022,P,0,0
3388638756782730653,599387041683719416,344516450937186069,56,6/4/2022,E,0,0
6502212471686926168,250150307793168616,075130605545988622,21,6/2/2022,P,0,0
9413493435512553464,708579780345599628,378977799483137806,52,8/14/2021,P,0,0
9052707529034838972,279425384244597329,976815172012319573,29,10/11/2021,E,0,0
2852912433295054444,794063255745584161,029591109000265420,32,12/9/2021,P,0,0
1687128115287498509,367952093636655365,189823076676114610,24,7/2/2021,t,0,0
6844149174590843877,585579788622259019,075950778604765769,49,12/10/2021,p,0,0
8097866011016832620,612873886605643614,990033852196838680,55,11/17/2021,p,0,0
8710045488814140354,774924669078655355,454382213448482759,58,11/5/2021,P,0,0
6467894743734031127,410503764259405323,785333986732294879,12,5/4/2022,p,0,0
9368861080363126295,044036179387690357,148079562732391755,51,11/8/2021,e,0,0
2947367637554616748,764715621716474303,671622509560222977,19,2/7/2022,E,0,0
6373258609574560134,271082481187586809,208744574990517575,40,8/6/2021,P,0,0
7781827257028748789,204513383530202566,454382213448482759,16,5/7/2022,P,0,0
1831357312305027114,636252322634886556,843129606806840028,51,4/22/2022,P,0,0
5527375664570893962,453403361910996564,046101683214182869,52,8/14/2021,E,0,0
1793684333730121064,509164738369759993,213388461245890537,24,6/24/2021,p,0,0
9373230940530683881,584382279223010100,149056142860518395,57,12/29/2021,P,0,0
0301998145185301402,243302624839002925,532169037319123732,34,3/29/2022,P,0,0
1825212366897385234,401856546055929433,520044477517122302,13,6/25/2021,P,0,0
7716301720870968112,915559169391076971,977835041847448807,25,8/20/2021,p,0,0
7212721664802106901,573501721015319054,304915036165746210,64,10/25/2021,P,0,0
0866180233943171331,248051461426680883,454382213448482759,60,9/17/2021,P,0,0
9628143138092520395,885040875734084559,818665728298554414,54,10/26/2021,p,0,0
9152971061707730889,028805928829012775,311179467390007059,65,8/1/2021,t,0,0
5866323515975449176,048809462388813779,775444745915407435,44,4/30/2022,P,0,0
2674609733378338264,034150626088017824,448852880252873659,45,6/29/2021,P,0,0
4107564079129117438,244646532849356826,257676669217854217,33,10/9/2021,P,0,0
4495791905539257820,806831976033816952,860093463928225854,30,12/30/2021,E,0,0
6919896060788778742,823717383688587472,454382213448482759,18,6/25/2021,E,0,0
4220444559938472385,175375187073421962,050075599222133561,11,5/26/2022,E,0,0
0313656328566787325,563111719564474846,179190806493681668,6,8/20/2021,P,0,0
0259239061863411016,719959687582202894,745523898305305456,29,1/17/2022,e,0,0
8924893703999985053,116134606152233037,205565240665100643,68,8/16/2021,p,0,0
1600621278753351070,621409874306760983,818665728298554414,11,12/6/2021,P,0,0
4475960709653508217,289072598871870008,023742442123303857,67,8/8/2021,E,0,0
6119376093585675602,968697064366628125,386965694861890437,18,4/26/2022,P,0,0
0124375127090714071,185462402383523773,754479896019830127,27,5/29/2022,p,0,0
0720638071420601825,889282927238766858,415123278983542339,62,6/28/2021,E,0,0
5205050640333771685,239334310157017426,504472641142553689,68,4/1/2022,P,0,0
7003666488128244600,618320967683191823,990931308100389003,40,3/1/2022,p,0,0
8331886086920546863,214458322559074980,029931612687243328,22,5/16/2022,E,0,0
4306132942103968785,229432666881596490,773464406523353254,54,9/8/2021,P,0,0
3548221450753888437,617009247580446141,539710325769658677,48,5/23/2022,p,0,0
2361892686667319728,790491421706570799,502835555093810763,44,9/8/2021,T,0,0
8220082117373074940,619572280516803236,309230583445986942,21,9/4/2021,P,0,0
1169160090226262017,204222344519162096,960166209287804004,47,10/16/2021,P,0,0
5512864266984258193,861895066890533790,514642806906952730,40,12/4/2021,P,0,0
9493422150579042907,240530789120102325,541595565151880626,40,8/26/2021,e,0,0
4885265495976955204,782043233094456023,685703553645687122,31,7/7/2021,P,0,0
1229361877635201438,532494228714955997,610795954733017861,9,2/22/2022,P,0,0
7850415802038147105,951255378238838448,395941137881350772,11,1/5/2022,p,0,0
0535188536212489130,262107444713413903,113733864471038990,65,1/7/2022,T,0,0
0303398838167878940,969446429806923777,386965694861890437,64,10/23/2021,p,0,0
1116324001594701000,093360342397434868,610795954733017861,30,2/19/2022,e,0,0
2221095245380638132,409007546769004172,514642806906952730,46,7/2/2021,p,0,0
6134386212236948535,904853046188665731,208744574990517575,60,10/6/2021,p,0,0
5664274167811762738,883543253738815707,348994295765937354,56,12/13/2021,t,0,0
9258041930853837387,097454968198667593,360109115707300995,64,10/20/2021,p,0,0
8059360982116938654,562482666799059069,917861826173659961,23,7/28/2021,P,0,0
5144691033066590962,528261827347684270,657762110936984471,34,3/7/2022,E,0,0
7937661824774040128,930168488241290439,692345565548461755,16,8/27/2021,p,0,0
6504789587119568499,556720562191656316,380667103793723621,26,11/5/2021,P,0,0
5022472262202246971,848691937931528626,483014047884222217,43,9/28/2021,P,0,0
3119111063840162445,249576797328871935,515135448026196572,40,11/9/2021,P,0,0
6011978716190069845,728275700274172579,742096478622846292,45,11/17/2021,P,0,0
3634482410406692530,643492641820510589,583937366079637763,17,1/12/2022,t,0,0
6529644746450217780,440454788347316197,453621062842782934,39,1/30/2022,E,0,0
4416260482792821993,127251781226885888,773464406523353254,33,1/24/2022,P,0,0
9028042606582748205,939487251716990741,915193667348323978,42,8/28/2021,p,0,0
3066509063670322418,121789902840389831,450792311294560699,48,9/19/2021,T,0,0
3256117245055900255,025035080563906273,460277245600645507,34,8/28/2021,P,0,0
5960418911236516507,248479727974634879,149056142860518395,27,1/28/2022,P,0,0
3475757267405884021,632077674386153217,380667103793723621,62,12/5/2021,P,0,0
8175576550410651781,774071762667766227,057517063635015433,40,8/6/2021,p,0,0
3328344112920763826,156219858879806605,953319111393412266,52,4/7/2022,p,0,0
2493317022313808503,078446224844590542,935458276246156041,63,2/3/2022,P,0,0
0316636209208871165,776749300442585602,871627460626339527,57,1/24/2022,p,0,0
5474139176760075514,413151143172159414,450792311294560699,17,5/10/2022,E,0,0
0874619583816504100,324982756913121471,420019659063197564,15,9/14/2021,t,0,0
3713749353525224701,847147006741510824,257676669217854217,65,9/22/2021,E,0,0
3597343889866390558,071537475926855778,091158633094479280,49,5/26/2022,P,0,0
8586346762221647916,670588387019795635,773464406523353254,54,9/24/2021,p,0,0
1024121393825509993,073071617808932078,647617208995675686,11,1/26/2022,p,0,0
3252500880848118652,171966727611491272,029591109000265420,40,3/12/2022,P,0,0
1430422065257460472,853023337186553797,933442708372758039,6,2/9/2022,P,0,0
6250946151769284970,400655848861258896,549670819521557232,4,3/4/2022,P,0,0
7725940055537264679,771954899090109385,189823076676114610,45,4/5/2022,P,0,0
0155101871921146800,348125770669975149,326936897612564925,36,2/1/2022,p,0,0
8919574703884099696,816829492162291494,311432583382275578,42,5/8/2022,e,0,0
9887122843350207534,206564770015661781,891580247244704360,45,12/1/2021,P,0,0
6223754425305657240,910267546868497704,990033852196838680,2,2/22/2022,P,0,0
2759398803065363411,585621957466864644,125108462355237021,34,11/11/2021,p,0,0
2645307425295801543,438096923911880866,075950778604765769,43,2/11/2022,E,0,0
6609806814842021640,969901023510205630,860093463928225854,12,12/28/2021,p,0,0
8954883545871387512,900850927499858298,013897435547336084,26,1/16/2022,P,0,0
3940939703265183238,590846974881647287,264788040898803102,11,1/1/2022,p,0,0
4023243520684553285,511075815282961049,380667103793723621,35,9/3/2021,P,0,0
6388400520462111680,433197824670240768,064253291366419663,24,6/16/2021,E,0,0
1727017949710907370,992431018581691799,076121959074199315,53,9/23/2021,P,0,0
2395741002061350925,884853745378516626,489386180691629760,23,4/10/2022,T,0,0
6517262209444410143,292571514748668676,740816947734319288,29,6/20/2021,P,0,0
8319892258364906465,375644826684402839,309230583445986942,55,10/17/2021,p,0,0
3633438555279218785,164624270706180918,113733864471038990,58,8/1/2021,T,0,0
6428293992303930931,847675045976797161,493823389500067394,48,4/14/2022,e,0,0
6924419983592421636,673364217905453609,671622509560222977,43,8/10/2021,E,0,0
8808112851750380639,115135270944843973,342001241880229592,43,8/15/2021,P,0,0
3949401012616263400,284166733032580593,075950778604765769,62,10/21/2021,E,0,0
1993562573801128558,656010510840104618,342001241880229592,19,4/8/2022,T,0,0
8423420108105844186,829394800551956897,953319111393412266,33,10/30/2021,P,0,0
0700917807262256887,946083638464233857,663187033213477050,39,9/1/2021,P,0,0
1872139947134726582,696416159689821206,990931308100389003,42,3/21/2022,P,0,0
9759764131109032333,128679086557416914,746646513939868105,8,4/4/2022,p,0,0
9738212979246955384,811519527691294856,541081798869054616,32,10/21/2021,P,0,0
9156044444997433154,200169430735436605,021792910986169916,64,12/11/2021,P,0,0
9850931973325571258,819399760701419350,618281783131364326,23,4/24/2022,P,0,0
6369032382542537363,585866312796576814,087047436626913137,11,12/18/2021,p,0,0
3825643114788285811,121643229632678071,348994295765937354,11,3/7/2022,p,0,0
6623918318157786996,769072764941601573,122889882009417476,26,2/19/2022,P,0,0
0197914423900707145,620483184818551321,450792311294560699,17,10/27/2021,p,0,0
3446974744945070226,052021128994129242,775444745915407435,48,4/28/2022,P,0,0
6122181174409773942,093014687833152772,532169037319123732,48,7/15/2021,P,0,0
2604529198293994622,057715953633820565,046180259037335294,50,12/12/2021,P,0,0
6532788374187058527,233325620206184017,125108462355237021,61,4/25/2022,P,0,0
4270728612345230618,075285471172647218,528418905156666724,63,8/20/2021,P,0,0
7083017304490529908,203855768404839902,869340934625397181,66,5/20/2022,P,0,0
9915715685696018568,378334297478242011,763356621969490582,58,6/23/2021,P,0,0
9593356577871491594,530563961513590231,955007606276397648,28,9/18/2021,E,0,0
9969726645985539060,598243993321399899,515135448026196572,29,3/2/2022,p,0,0
9035147424503109718,235336065078699306,102120317615228291,53,3/31/2022,T,0,0
5575566949253048488,456000352157821226,785333986732294879,37,9/29/2021,P,0,0
2376998951024671762,595694830793341912,950176014295785412,15,11/24/2021,E,0,0
6855338292279780354,873723019800059515,326777200893290595,26,8/5/2021,e,0,0
1296405582772135840,137450556727374089,193784455902612621,47,8/6/2021,P,0,0
5901013309689492102,647705056001322774,321029389880617896,38,7/6/2021,p,0,0
2165306895222013015,188783155161326603,532169037319123732,15,11/13/2021,e,0,0
5137206094409122619,576775897069855837,448852880252873659,11,10/18/2021,p,0,0
6692632145958943028,276154110437424526,018790757116404838,65,3/15/2022,p,0,0
8533343484444865369,709810929549650775,492332775265782690,20,6/7/2022,E,0,0
0605610345098695316,536818923291559120,378977799483137806,54,7/20/2021,P,0,0
0889010867095958565,227397392698364439,924066185498471412,44,2/14/2022,p,0,0
2730130743353453142,911994823613740152,052885239021925858,33,8/26/2021,P,0,0
3586182392560849075,943352165957370667,843129606806840028,29,10/19/2021,p,0,0
2608686562797363459,754955326957858449,626578520638216345,51,9/17/2021,p,0,0
1104036281683123632,111129851969415451,138332447764752511,25,6/29/2021,e,0,0
9874906620996216434,276858815793067770,539710325769658677,6,2/12/2022,P,0,0
5021396472338343437,615748921658499331,390615814544769243,6,7/19/2021,e,0,0
7502081118690706301,073678292641766162,448852880252873659,26,12/5/2021,P,0,0
2909798168941225426,757676674434565566,089835951381024315,41,11/14/2021,p,0,0
0564165209252470942,237155712519344552,447259615343474486,56,7/24/2021,p,0,0
9323123397595143503,408462619232867546,771447703742675789,2,6/18/2021,P,0,0
6004319740935308020,335655194086468614,122889882009417476,42,11/19/2021,p,0,0
0723667542912058025,654168048332865991,344541757726526183,59,2/23/2022,P,0,0
0428901455967501321,387820964476085310,685703553645687122,53,5/28/2022,p,0,0
7455985069427046271,069841756507081578,891580247244704360,47,8/25/2021,P,0,0
4193791047506521325,497204612257455876,309599740618748888,23,10/25/2021,P,0,0
5939301590454354438,990960415489185970,089835951381024315,19,6/25/2021,p,0,0
9308116580977315232,375782651770308070,742096478622846292,36,7/27/2021,p,0,0
2263734461883528386,564745992742451426,520044477517122302,35,6/20/2021,P,0,0
8420528295561270311,824824925210305379,539710325769658677,7,10/15/2021,P,0,0
0931139462139435895,286047261752186035,309599740618748888,53,12/17/2021,P,0,0
0715160002836429510,570076376615372621,377263025253483845,27,5/19/2022,P,0,0
6124634933465689920,194220469442216679,742096478622846292,66,12/16/2021,p,0,0
7435604949624772990,791070521046373690,269398382534379129,13,9/15/2021,p,0,0
9436834030347831607,676296536173755748,264788040898803102,11,12/8/2021,P,0,0
2571594833832500346,876860928766418822,517879736341105653,24,11/25/2021,p,0,0
4270877177763503525,446048716261157377,960166209287804004,40,9/8/2021,P,0,0
7665103472522393508,283983291813695692,925395047856131922,41,5/27/2022,P,0,0
6593037652768942904,482581140460263727,136330980956616304,57,1/5/2022,p,0,0
1280498057430527303,626405244154487580,148079562732391755,24,4/26/2022,P,0,0
5657435345807752683,736158202879791737,120492572696262600,47,6/11/2022,P,0,0
8909698596008858089,397107425216624362,915193667348323978,44,5/15/2022,E,0,0
0987678348649391741,084122678326490376,540180260734197095,58,8/12/2021,P,0,0
6073815648976289700,065924183111146221,378325915185034401,16,6/17/2021,P,0,0
4931052754691986760,028635098982352359,960166209287804004,22,2/24/2022,T,0,0
0303301842067256527,796243028813900383,583937366079637763,13,2/8/2022,P,0,0
8510740516906201602,128381876126184378,144124290840349250,61,12/19/2021,p,0,0
2726167804223803734,815471068617706614,901180150631278668,27,10/7/2021,p,0,0
0139519082278218346,855960391146331648,029931612687243328,54,4/29/2022,P,0,0
5054964867881622523,299021810346955708,117926588371189932,19,2/2/2022,p,0,0
1431405713085042929,453863260510935369,308574464992103292,34,2/19/2022,P,0,0
1525883843753551309,467045504542611217,581054139814629106,67,5/19/2022,t,0,0
5025613709044075708,666264664447984369,663187033213477050,23,4/17/2022,t,0,0
9256133433461877248,974520127821415446,149056142860518395,28,1/21/2022,p,0,0
2741591782586909983,518379156411213697,018790757116404838,59,4/22/2022,P,0,0
3754950603302565743,135121858450408152,326777200893290595,27,8/18/2021,P,0,0
3410293576334255044,473345705709894661,179190806493681668,25,2/9/2022,P,0,0
9591375348768396751,514928055823688161,380667103793723621,1,6/25/2021,e,0,0
4239316352619768539,465476229136662366,189068519748623661,2,10/23/2021,p,0,0
2699445667601634550,401827153787387941,549670819521557232,6,11/11/2021,P,0,0
3948704441910037309,223991249737831002,064253291366419663,50,8/18/2021,P,0,0
3233819011585778344,664805941977270717,493823389500067394,54,10/6/2021,t,0,0
1982935402420791534,199095811331216055,796358014909324863,58,9/5/2021,P,0,0
9647199807942710603,616831955788575289,618281783131364326,49,12/8/2021,P,0,0
4395379199116077872,332309563601208372,843129606806840028,39,7/31/2021,p,0,0
0711517910774751289,657262542575583767,395941137881350772,2,2/28/2022,P,0,0
5889562473497911277,214473604417890582,420615529375357365,28,1/21/2022,p,0,0
5883586448414504655,821086994507142290,408738656096088852,26,8/10/2021,P,0,0
7585155911516216176,148227595682627319,514642806906952730,2,8/13/2021,P,0,0
7455093487259739248,930278077214146341,122889882009417476,38,10/10/2021,E,0,0
8929402090055344956,926107457067193067,540180260734197095,50,9/17/2021,P,0,0
5909985831659322385,255075894572736192,352151763083892693,61,7/5/2021,P,0,0
0093079644506337886,530091606622830606,541595565151880626,45,2/9/2022,E,0,0
1336282947607313276,223399589415693439,532802613591452823,37,8/27/2021,p,0,0
8982607328560910549,171413700517366154,138332447764752511,42,11/21/2021,P,0,0
6059732324560305375,194942071925078301,046101683214182869,55,3/19/2022,p,0,0
4166346420440257864,871883914826883772,657762110936984471,1,10/30/2021,P,0,0
9337938862412287286,147399395903674869,197808567450133225,34,6/28/2021,p,0,0
7920736946372642688,410436609830346240,663187033213477050,14,11/26/2021,E,0,0
5132308012179032614,248586535334740612,269398382534379129,20,4/8/2022,P,0,0
4888215164656257868,206250775984395269,234536169042078323,50,2/22/2022,P,0,0
8349721596275355079,458794462265110672,532802613591452823,52,2/1/2022,E,0,0
0279524313295309272,913836476274580166,987977005619639187,66,1/21/2022,P,0,0
5279879021484726750,526288158316831923,175577549064995206,58,7/7/2021,p,0,0
4264007330822476865,773363784480943067,521574668673847268,4,8/15/2021,p,0,0
3970449724084798283,524727392440001007,387574648343501580,33,6/17/2021,E,0,0
5834967764899483275,033025506272309532,390615814544769243,10,7/22/2021,p,0,0
4389836793084820761,235725793930194793,543678313980433037,14,8/20/2021,p,0,0
2491584770898456322,114986552884763351,029591109000265420,47,5/28/2022,P,0,0
7266404699156592114,182688345132637324,495221616046287188,30,1/30/2022,P,0,0
4344997363915146513,238608692343546704,532169037319123732,5,6/21/2021,P,0,0
5945462638475086954,483632759049693788,386965694861890437,63,12/10/2021,P,0,0
6056121406511374636,603753259381948212,517879736341105653,22,4/13/2022,P,0,0
0652057293854354054,096074573567985753,447259615343474486,40,4/24/2022,p,0,0
0295604033113176386,007069297209218786,528418905156666724,6,8/30/2021,P,0,0
7861941099153781808,662102293578902794,931626440465544741,31,8/22/2021,e,0,0
0396339537328514981,299394466214090839,302754867929929962,7,8/1/2021,P,0,0
3060868588616526068,592835056550144227,390615814544769243,12,8/30/2021,p,0,0
4083890166853068635,389990803982846570,243349974473800631,54,8/10/2021,P,0,0
4468684207457876864,757531368627487104,326777200893290595,66,10/19/2021,P,0,0
9454812759049654415,832700082850884560,390615814544769243,58,1/28/2022,p,0,0
9576848161818088916,280361738752135961,924066185498471412,7,11/14/2021,P,0,0
3309012202964324341,401337427664948540,057461469900484276,60,3/12/2022,P,0,0
9805366307041529439,354538049624747537,863055454603315282,29,11/9/2021,P,0,0
6717447890614933530,529660991288367852,543678313980433037,66,1/10/2022,P,0,0
8466382103450794319,499712932396202012,860093463928225854,30,1/23/2022,P,0,0
4135629085764040509,264339368628155522,541081798869054616,42,7/10/2021,E,0,0
4625316652643843862,269858525561480785,131156092768417942,51,1/13/2022,p,0,0
9090642771419767573,890045622646270880,731822950757694803,37,2/23/2022,P,0,0
7880232557558262179,005133140699251734,742096478622846292,44,11/17/2021,P,0,0
1232894448658620587,916305003623267021,386965694861890437,48,4/1/2022,p,0,0
9739484949360524377,416537171369736158,871980282851902121,65,12/8/2021,p,0,0
0883011728959443488,606142686918907822,757327695626912897,34,1/29/2022,P,0,0
8371234893316466539,575667511712493830,757327695626912897,20,8/3/2021,P,0,0
6331236282095116363,372415724571493574,420019659063197564,60,9/9/2021,P,0,0
8522206156568373679,017069039788341553,196791888813025563,32,2/17/2022,P,0,0
4521686268360404907,365997828797346802,383011676312433704,27,1/26/2022,P,0,0
3374430622163359363,898213258439132163,667790204982238820,58,5/22/2022,P,0,0
4359585922209251650,956771405480755780,454382213448482759,56,4/29/2022,P,0,0
9895000583689480913,651845926538173248,626578520638216345,9,1/19/2022,P,0,0
4256239250586198904,559255939602937826,138332447764752511,6,5/15/2022,P,0,0
4500087677351719394,675852389842862754,461696336013127527,8,12/26/2021,p,0,0
2165478228951207473,369311149939634231,878598310247946488,43,3/29/2022,P,0,0
4508508037829770227,891002199537284177,118726947916863131,56,5/4/2022,T,0,0
6269492751439691887,130789798674543416,924066185498471412,49,1/9/2022,P,0,0
6909138275108354576,673709088580925838,796358014909324863,3,7/15/2021,E,0,0
4327133300189318071,892611417090369153,884062358104857221,58,12/17/2021,p,0,0
1741106092662635388,173376581559788440,118726947916863131,12,2/10/2022,E,0,0
9357214102084704900,150192516602582881,517436850030277323,15,3/22/2022,P,0,0
0064790432816020812,982410803098906202,378977799483137806,3,6/6/2022,P,0,0
5795737382560124510,736378358076376315,450792311294560699,1,10/19/2021,P,0,0
5009651427896391071,993327407461538515,383011676312433704,45,5/13/2022,p,0,0
7181875652169992496,313123492681303215,213388461245890537,49,5/5/2022,P,0,0
1868483188343354465,619937332491330224,971357427518005972,8,7/20/2021,P,0,0
9553536603772763615,316869568289587079,023677709645764279,63,1/15/2022,p,0,0
3285048610224607865,740306454139170023,208744574990517575,67,9/18/2021,P,0,0
0123164817216321867,893739925155030596,583937366079637763,49,12/31/2021,E,0,0
6944727266198171607,214548970969037885,476155990216741962,25,4/22/2022,P,0,0
6546426009257284286,481815935076956358,264788040898803102,2,3/6/2022,P,0,0
0741453140611886744,828304773066385671,138332447764752511,55,7/17/2021,p,0,0
1845407217819011751,259131222291355228,712792799433082702,66,1/21/2022,P,0,0
3293648931297803447,464762641417405336,492332775265782690,42,9/26/2021,t,0,0
6319992277179183928,511291194414072170,472075941670469877,44,6/8/2022,P,0,0
0408811057906523503,482403458994850384,495221616046287188,38,3/23/2022,t,0,0
9786730604627936643,411468351352597629,588794858474119633,16,5/30/2022,e,0,0
2587644487373838594,284574467951373328,461696336013127527,51,6/15/2021,P,0,0
0021892604870753782,695839938606492437,348994295765937354,52,1/18/2022,P,0,0
5653645506647288652,229442488947242739,185029705088837499,49,1/3/2022,P,0,0
1362936323641217363,603516153354626913,745523898305305456,24,4/16/2022,E,0,0
3883290207240931887,260564983908561607,324981490336520256,45,4/21/2022,e,0,0
8585038188994833824,479913268272903460,493823389500067394,50,11/13/2021,P,0,0
3390157207184826902,766053790000564384,891580247244704360,4,12/2/2021,P,0,0
8842347470922874281,781207175409111717,712792799433082702,44,1/15/2022,P,0,0
7746246505281567185,086965952727498727,647617208995675686,52,4/28/2022,e,0,0
8731817571525225761,889859909323878891,380667103793723621,13,4/8/2022,P,0,0
9613236917046550175,548516507952332149,189823076676114610,31,5/31/2022,P,0,0
8150868281088866415,024832812594771975,359270061352251305,28,6/21/2021,P,0,0
4823878042332293926,530573797202230490,489386180691629760,42,10/3/2021,p,0,0
8565599070856018472,801915991236086124,102120317615228291,52,7/29/2021,P,0,0
3701673512310529430,756723879004400350,771447703742675789,29,1/15/2022,P,0,0
2954429131388782284,385240706617535843,380667103793723621,42,7/17/2021,P,0,0
8679406262092772994,708306806884554175,344516450937186069,11,4/7/2022,P,0,0
1807296763048033832,516133238145295588,360109115707300995,9,12/29/2021,p,0,0
7271794466857103588,969635629630138129,754479896019830127,52,5/11/2022,p,0,0
4909639843033752771,102704326988502534,860093463928225854,54,12/13/2021,p,0,0
0512558958467211939,389025213371792617,118726947916863131,19,5/13/2022,P,0,0
8108554398470860878,643314494334157089,955007606276397648,59,12/30/2021,E,0,0
1730662507722354962,675107538408382757,521574668673847268,34,11/16/2021,p,0,0
3306864667984962349,493116265693362540,847901501696185595,4,4/25/2022,P,0,0
5098462358635672575,010841206350481116,175577549064995206,10,2/8/2022,p,0,0
7847683181640600599,321858343582636570,502835555093810763,33,9/4/2021,p,0,0
3263276773613280529,667039888615767953,528418905156666724,33,2/7/2022,P,0,0
4253488280864798890,764059164816977652,309599740618748888,60,8/1/2021,E,0,0
8947117012148142536,658150163683717880,029931612687243328,5,11/12/2021,t,0,0
3785782096319829247,246464766240635172,090222527172527167,63,9/12/2021,P,0,0
2696092818639778059,738104942487704341,502835555093810763,30,7/14/2021,p,0,0
9582850336030249065,063412591977308350,141632531869116643,40,4/20/2022,p,0,0
1580476247810309556,124190107636415253,304915036165746210,6,4/15/2022,P,0,0
6203721402720508993,381287496003141292,036762059875734354,24,12/20/2021,E,0,0
6292499893090630379,304993835238461983,113733864471038990,14,1/22/2022,E,0,0
9012674443095347631,682744468852184714,415123278983542339,14,8/22/2021,P,0,0
8377372881541565571,973524568264815712,775444745915407435,65,7/22/2021,p,0,0
7987574228760706525,299547127688315016,136599312153672648,37,3/25/2022,P,0,0
8121856430048022313,721410276910500083,950176014295785412,64,3/29/2022,P,0,0
1428124526147941491,983920269407643030,389496848856921297,28,11/21/2021,P,0,0
7369840331058142929,518590965647412860,428513860077342509,54,11/4/2021,p,0,0
8698186227004018555,172036248895246819,213388461245890537,52,4/16/2022,P,0,0
1069727291177908985,418724716854429347,167739475930761500,34,6/30/2021,p,0,0
1781985950949019218,227584529502577622,208744574990517575,43,10/14/2021,P,0,0
5502358047683637447,955026010642219438,539710325769658677,58,6/6/2022,p,0,0
2825230761533896522,012122637227166098,196791888813025563,25,4/19/2022,P,0,0
0345640071171914612,180002352936502745,945666973437671377,43,1/18/2022,P,0,0
1451207457051813541,012954176164115209,387574648343501580,15,5/3/2022,p,0,0
0951915323039142394,264628762365838545,179190806493681668,43,5/5/2022,P,0,0
3993967540048599096,651110047745062764,197808567450133225,1,6/17/2021,P,0,0
3880953979339651124,769701470151812816,271716254331051274,65,6/23/2021,P,0,0
6162880402546598722,928040488205957279,264099426424307010,2,4/24/2022,P,0,0
3684684774906824393,102763965767764396,050075599222133561,40,1/9/2022,p,0,0
6655615931401010456,004818413985066717,447259615343474486,29,4/22/2022,e,0,0
2541820746173752107,002819194757408289,766206535131856458,52,7/18/2021,P,0,0
7454515864770731066,939963669300734667,076121959074199315,27,6/23/2021,E,0,0
2993967632133828702,483514862859064315,843129606806840028,14,4/16/2022,P,0,0
3470590134333833051,227829036084560708,522219227292752038,28,5/14/2022,t,0,0
1411393817901462722,458564812812750036,120492572696262600,35,1/29/2022,p,0,0
0598153804309770122,946350086614213769,208744574990517575,43,5/5/2022,P,0,0
1697501514150142417,733876543997794400,102120317615228291,41,4/6/2022,p,0,0
5863347615907996286,588069337799150343,213388461245890537,45,9/7/2021,P,0,0
3694689289518681625,598650460315787534,120492572696262600,55,10/22/2021,T,0,0
2888657771115800347,070187265608338673,131156092768417942,14,4/2/2022,P,0,0
9678050052001729793,088174265393857579,023677709645764279,44,7/22/2021,e,0,0
2407443845452405227,447759107704813539,925395047856131922,43,10/11/2021,P,0,0
9482302269965387196,744165583877636148,953319111393412266,35,8/20/2021,P,0,0
8437897729152566269,948240975250358998,937280671004603767,10,5/25/2022,p,0,0
8983739903949329437,639357693564005499,013897435547336084,17,7/28/2021,E,0,0
6635650861772170557,335803651005851395,757327695626912897,41,9/24/2021,E,0,0
3896270387586587627,584496027025935740,460277245600645507,56,1/11/2022,p,0,0
9782751165312067069,135336043055910072,977835041847448807,56,12/7/2021,E,0,0
8601742406908608489,428714323879285754,960166209287804004,33,5/7/2022,p,0,0
7089736113069454163,955164459305953566,420019659063197564,1,1/16/2022,P,0,0
9133505870220980942,538358759651816885,342001241880229592,42,4/24/2022,T,0,0
2304860882229219878,175610870414677356,931626440465544741,63,10/22/2021,T,0,0
2664260744631404016,684118590002066260,144124290840349250,37,9/22/2021,P,0,0
6175238508455841476,702491866154461578,344541757726526183,52,10/25/2021,T,0,0
4828754595453466250,939896624124212875,415123278983542339,4,9/28/2021,e,0,0
3540097857039366005,588894068439699920,309599740618748888,59,3/12/2022,p,0,0
1553908824725286196,699478377255135415,901180150631278668,26,1/10/2022,E,0,0
4865976237642980471,422031223844313141,383011676312433704,11,5/13/2022,P,0,0
8206479088679840469,955466016268383562,805884100431327301,23,8/24/2021,P,0,0
9344288018601274799,797327823096948442,945666973437671377,48,8/30/2021,P,0,0
3986099511777657066,760981622748894674,152581389419809192,11,4/1/2022,P,0,0
2277724419309830948,504820049318138265,044672760666162701,34,4/16/2022,e,0,0
4722718405119831705,180133158833973352,389496848856921297,22,5/8/2022,P,0,0
4514175474231532373,315269189145941027,122889882009417476,14,1/25/2022,E,0,0
9045017627270525058,811191935397964851,152581389419809192,38,6/28/2021,p,0,0
3181040358386161473,324794594321749576,513947481013199604,51,6/7/2022,P,0,0
1958931693396428118,991213500697604208,089835951381024315,33,10/3/2021,P,0,0
5618496694124202727,052772176530865384,050075599222133561,16,5/22/2022,P,0,0
0314690116766893966,997481395337008705,046101683214182869,57,3/5/2022,E,0,0
3510762635530097455,140235118333174933,541081798869054616,55,2/14/2022,P,0,0
7279455312186623044,170038084195309664,754479896019830127,42,10/29/2021,P,0,0
9262116288181504241,711489837968392199,197808567450133225,51,3/12/2022,p,0,0
4982992098224376243,683589843480971371,075130605545988622,51,3/9/2022,e,0,0
6095759936893484319,639000265217862164,520044477517122302,33,2/4/2022,P,0,0
7323004546976636286,204218597239779008,685703553645687122,62,9/22/2021,P,0,0
8386635026181886854,543655577365756114,476155990216741962,49,10/9/2021,p,0,0
3208962626653240288,916173413314273689,148079562732391755,44,8/2/2021,E,0,0
8944066915284904107,483981596323214853,544131165394859289,34,4/24/2022,P,0,0
0699123147209350113,099021956694477234,692345565548461755,30,10/3/2021,P,0,0
5697998329266178118,611292956110346406,075130605545988622,3,2/27/2022,E,0,0
1120224105798445229,647556986436262661,342001241880229592,28,9/6/2021,P,0,0
0975444092318424827,641812460347145869,326777200893290595,22,3/18/2022,p,0,0
3922563491814235183,029278560045293210,109369813287546379,17,6/2/2022,p,0,0
6437679472143368857,644066665084839023,054462363935356078,58,4/17/2022,E,0,0
9060288940051470207,968955774206067402,779601255086655618,17,10/21/2021,E,0,0
5588080217338320548,207699008694037902,847901501696185595,66,12/17/2021,T,0,0
0188085193993268141,381205117628321471,476155990216741962,44,9/16/2021,p,0,0
2374577278221263419,465462908677858789,714828745900215104,44,6/23/2021,P,0,0
0916355681286059921,473241521205955218,953319111393412266,4,11/17/2021,p,0,0
3656948438473959643,292711693393798618,520044477517122302,18,5/28/2022,p,0,0
0570996121640357265,472002000070198425,955007606276397648,19,2/19/2022,P,0,0
8313471790636377701,682349349564301162,208744574990517575,61,6/29/2021,P,0,0
2075624931608520915,998720294981906792,029931612687243328,66,4/10/2022,P,0,0
6203909436632212123,292105278482187553,378325915185034401,21,11/8/2021,E,0,0
1914523084898873101,918675273742751562,065199803626779568,24,3/7/2022,P,0,0
8000549307557087322,642912171409809847,153488473585819280,41,11/7/2021,p,0,0
4848014094620674982,927742832493151281,113733864471038990,45,4/27/2022,P,0,0
3304208355233994184,812203772133773454,018790757116404838,28,3/15/2022,P,0,0
0395679486820995367,094459597860871557,327560335702683172,20,10/24/2021,E,0,0
1074996312058213465,377973699400724131,701211478045007603,50,8/19/2021,P,0,0
5522796497089946526,628614783661990458,472075941670469877,9,12/16/2021,T,0,0
2746036117202793783,426130523374926234,380667103793723621,33,5/31/2022,P,0,0
8984542352576143319,663405631936074324,023742442123303857,21,6/11/2022,E,0,0
6410811864095102081,756412280473866093,213388461245890537,43,5/29/2022,e,0,0
4091971215979107688,210480590698176402,891580247244704360,43,5/12/2022,P,0,0
7004944878262270999,502844626164002811,692345565548461755,63,3/3/2022,P,0,0
2052754229376746101,334693664906433242,148079562732391755,32,9/22/2021,P,0,0
7874865999861514548,534096062856321465,527827135999631898,63,7/13/2021,t,0,0
3683441706378876141,840796562315668493,023742442123303857,53,2/4/2022,P,0,0
8966062310534539862,729265204960161754,089835951381024315,7,1/7/2022,P,0,0
0226419430812045414,380410672300041219,029591109000265420,13,8/3/2021,p,0,0
5738413026534328411,308354778568029406,377263025253483845,61,6/10/2022,P,0,0
4016426308567094799,493185289172952449,046101683214182869,27,12/2/2021,P,0,0
7667534264207691682,325058952763340783,955007606276397648,34,3/8/2022,p,0,0
6938694171849638657,027299236039529055,584197178738805406,55,5/15/2022,p,0,0
8861347569812288568,885003070363728932,062103542629566568,30,8/30/2021,P,0,0
4283477693725307643,710597396648208767,167739475930761500,5,1/8/2022,E,0,0
9430835117532226018,146444287303870785,118726947916863131,43,2/2/2022,P,0,0
0807484939612518451,637330285218401227,714828745900215104,47,3/26/2022,E,0,0
9126691089159953522,394536554207656258,324981490336520256,33,6/7/2022,P,0,0
2166553045289796655,763495996430682735,740816947734319288,9,11/2/2021,e,0,0
5829662506229756716,621957194299547641,420615529375357365,34,1/19/2022,p,0,0
2140196775369399079,626543837969034599,489386180691629760,1,10/28/2021,P,0,0
3033039645346448843,066680141712154449,090222527172527167,47,11/10/2021,P,0,0
0076407452379906615,231919448426203551,311179467390007059,52,7/31/2021,p,0,0
1379436047328709165,903933420918049242,844782026599584828,41,8/14/2021,P,0,0
8868975093687172657,692164398661878223,960166209287804004,40,5/28/2022,p,0,0
7791410321788757234,335913550206033733,342001241880229592,65,1/13/2022,E,0,0
4701135215763441542,352386093388185147,395941137881350772,27,9/8/2021,P,0,0
5145462827361610652,533310324477211227,102120317615228291,34,10/6/2021,P,0,0
7320271210398041254,490227080534894374,148079562732391755,8,3/2/2022,P,0,0
2106266247975929208,930526552643327260,357794048166421059,11,7/7/2021,P,0,0
5571696560269004286,599272870661667479,924066185498471412,15,8/22/2021,e,0,0
6450672897163885803,180553622755837590,269398382534379129,15,8/19/2021,P,0,0
6613465462953239583,255592255385338974,420615529375357365,37,8/14/2021,p,0,0
4332053107518341870,504355379104368319,321029389880617896,32,9/30/2021,P,0,0
2991431362983836766,112077883033998669,117926588371189932,24,9/9/2021,p,0,0
4445963654085739633,612470184459919945,428513860077342509,58,12/21/2021,p,0,0
8948313679077816193,359913148978050194,308574464992103292,48,2/23/2022,p,0,0
1709502969897880140,331212864268441579,520044477517122302,41,2/28/2022,P,0,0
9665897726864940553,549279362875573056,592189955912331508,27,1/11/2022,P,0,0
7439021471836225362,113254340453682907,326936897612564925,54,1/22/2022,P,0,0
4298142947657961616,827441407578750324,193784455902612621,59,5/3/2022,P,0,0
7373810535718629394,604217871498037448,987977005619639187,1,3/13/2022,p,0,0
7532295520758273126,657602701343874268,571276994041081534,67,2/13/2022,p,0,0
2700787809593293214,960981898568742685,091158633094479280,7,9/8/2021,P,0,0
8993514400148079752,234970078917109377,539710325769658677,5,7/10/2021,E,0,0
1762087768670717290,252136141014851367,152520122193682432,47,2/11/2022,P,0,0
1632444383934117430,017055137734847453,213388461245890537,64,5/26/2022,t,0,0
9798401222149072189,945005756563807195,878598310247946488,13,10/23/2021,e,0,0
4160066905769198960,415352587117472302,541595565151880626,52,9/22/2021,P,0,0
5536825658323129768,317689796866814840,278364300286363528,65,11/12/2021,p,0,0
1497006229068402045,250148764924921734,189823076676114610,27,5/15/2022,P,0,0
2422449917909236259,497634929810579093,847901501696185595,35,2/6/2022,P,0,0
7961635344457664140,975257452224273789,196791888813025563,38,9/18/2021,T,0,0
7342733566461571189,197192294331760525,208744574990517575,67,5/18/2022,E,0,0
8667599953411350994,764349917361248009,844043300620835517,47,1/9/2022,p,0,0
3522042979783693197,098919860248362648,380667103793723621,24,5/4/2022,P,0,0
9437954349575673199,632767359671064448,531202966869552006,6,8/1/2021,P,0,0
6398315333729945091,050826094594166236,773464406523353254,50,3/31/2022,P,0,0
6464131608039423883,785932158218054763,863055454603315282,41,11/20/2021,T,0,0
7433186110108695846,005398282248423079,046101683214182869,17,12/11/2021,P,0,0
3169878329038236491,363590162626420727,261346082333196136,4,12/24/2021,p,0,0
0657072078295580113,257578967902151832,517436850030277323,37,7/14/2021,P,0,0
1206857828805392207,443626171742876439,539710325769658677,11,7/31/2021,p,0,0
2078256160690438599,056329385041600281,140795170857722141,8,9/9/2021,P,0,0
5447754804583304091,992896579111892269,278364300286363528,52,5/27/2022,e,0,0
4250236499275848466,470916033555545489,945666973437671377,59,11/22/2021,e,0,0
9970971436483192291,022486014830078562,460277245600645507,20,2/9/2022,P,0,0
3818948915503811682,726121620967453457,360109115707300995,66,3/24/2022,E,0,0
4584347988864031382,827702123090591755,671622509560222977,8,9/18/2021,p,0,0
9562226703308191540,999949117412746070,297450368367757096,39,8/6/2021,E,0,0
5079055205942855106,610330837305854985,447259615343474486,53,12/24/2021,P,0,0
2918688597392218793,051340872090414727,046101683214182869,57,11/18/2021,P,0,0
8478651792384436439,711052698513221974,168154608955541702,49,12/25/2021,P,0,0
4644018618266641854,058979579042459152,090222527172527167,3,10/24/2021,P,0,0
6261873482245419657,608105128800290330,592189955912331508,46,2/2/2022,P,0,0
4037376156618394531,881552921104008185,701211478045007603,34,10/8/2021,p,0,0
8513238867815850890,667362956921291042,300509490687551987,63,4/15/2022,P,0,0
0739679980701111192,219235731054436497,125108462355237021,38,4/21/2022,P,0,0
3808425681014577181,890555415957392273,179190806493681668,52,5/12/2022,P,0,0
6545193246434444398,613857785467598240,344516450937186069,33,4/13/2022,P,0,0
6427994812110324220,933722299267004048,390615814544769243,11,5/4/2022,P,0,0
2110850272384756839,965786777494395801,243349974473800631,68,2/23/2022,E,0,0
6745876862506034871,342098903993498371,592189955912331508,18,8/24/2021,P,0,0
3848316813142319981,684815625766743337,415123278983542339,3,10/22/2021,P,0,0
9256560056598535497,129493614140248287,626578520638216345,41,3/17/2022,E,0,0
7008879253079774010,978690786665722233,389496848856921297,18,9/27/2021,t,0,0
0099336282620887234,023400374027743967,933442708372758039,4,4/7/2022,e,0,0
0882435638147046573,009986549072777418,185029705088837499,39,12/19/2021,P,0,0
1407062985028785654,412851004961017879,818665728298554414,27,11/22/2021,P,0,0
9428375926591394057,853552696165674684,075950778604765769,13,2/14/2022,E,0,0
8466434437439569317,573981533231122302,787997129661610257,56,4/15/2022,P,0,0
3558093438869159145,095999944972804839,118726947916863131,42,2/25/2022,P,0,0
4844775633019798871,590877068470581657,440475588903612378,56,7/29/2021,E,0,0
6245153131685328003,173109545138611031,541081798869054616,18,1/28/2022,P,0,0
8732925385846731714,159984860875358500,300509490687551987,40,10/1/2021,p,0,0
4854738988558307893,452130147080075781,264788040898803102,30,5/29/2022,P,0,0
6295303903474251232,544782376741068921,860093463928225854,53,4/3/2022,e,0,0
5816798561127634303,287918552305060376,495221616046287188,45,8/21/2021,P,0,0
6364861192243963907,096222527640151256,712792799433082702,8,7/13/2021,P,0,0
2565007827539567551,020104750576223121,344516450937186069,39,7/21/2021,T,0,0
6840471881534947334,810684733292464529,771447703742675789,24,10/31/2021,p,0,0
2944548554293933032,891057026874438044,657762110936984471,26,12/17/2021,E,0,0
8742617802310186164,410320648414837435,078975328080032529,45,12/19/2021,E,0,0
9906386334934249456,121328957491334420,208744574990517575,16,10/27/2021,E,0,0
1002012632641789431,466402067561821421,342001241880229592,17,12/26/2021,P,0,0
8220455747341597896,816675235674528012,787997129661610257,22,9/13/2021,P,0,0
9404857086522427038,758364989464276972,626578520638216345,61,6/24/2021,P,0,0
0591209362148692752,968014068302230768,302754867929929962,30,6/6/2022,E,0,0
2731755006058900997,108283533625877677,796358014909324863,67,12/18/2021,e,0,0
3727003099580341230,323873265466325194,326777200893290595,53,7/11/2021,T,0,0
0627103789072961318,769192170644345195,102120317615228291,42,4/5/2022,P,0,0
1256842588812851649,869794669844939647,863055454603315282,9,5/28/2022,p,0,0
4188545613041274707,001722246313694836,420615529375357365,12,3/6/2022,t,0,0
5796787310944669410,069512222135477025,057517063635015433,12,10/13/2021,P,0,0
3352910206947053092,238142423596373318,145153304033295229,20,10/21/2021,p,0,0
2847293094077000063,951720930081797714,098374640047920046,64,12/9/2021,p,0,0
6192909008496897607,038085327647933740,213388461245890537,35,6/28/2021,p,0,0
4024991218452435010,863786785603392078,378977799483137806,64,5/25/2022,T,0,0
6921316556611543702,037910448163437008,453621062842782934,30,5/24/2022,P,0,0
7894907061248946547,519503040372991498,168154608955541702,19,12/29/2021,P,0,0
0758330943756358103,802910226080027783,324981490336520256,44,5/26/2022,E,0,0
2379680716646268960,626538882630648563,208744574990517575,7,4/24/2022,p,0,0
5281410093659761295,785858820562366225,213388461245890537,3,4/29/2022,T,0,0
4595022763655547235,993477574923334749,311432583382275578,37,10/4/2021,P,0,0
4904180597037200887,349691742435683032,027737756713026613,43,6/2/2022,P,0,0
5665556204238172750,366897940087956804,924066185498471412,35,5/27/2022,p,0,0
0839235621451777073,207228072857608837,420248125031270459,1,3/17/2022,P,0,0
4532877888516322365,773842789950702324,377263025253483845,49,2/20/2022,P,0,0
8616447777829746096,815988153808946010,917861826173659961,46,3/4/2022,P,0,0
5816229976170747035,074387422323957536,145153304033295229,13,8/21/2021,P,0,0
9447324521085134097,631965166392473389,091158633094479280,30,12/26/2021,P,0,0
5908814081989455581,027712752872078910,309599740618748888,9,12/31/2021,P,0,0
2272086877227657392,926229880862597901,931626440465544741,36,9/6/2021,p,0,0
7240142018585115663,330944457704506658,796358014909324863,43,9/16/2021,p,0,0
8192236172415833419,855933245387787594,359270061352251305,19,11/3/2021,P,0,0
4840780786370217590,478243181988777977,359270061352251305,66,4/29/2022,P,0,0
5241627953654053917,740609527491524248,594735472280395759,51,4/17/2022,P,0,0
6563538199416303711,164292835666115320,539710325769658677,63,11/26/2021,E,0,0
5013482485704639786,381074270731079775,342001241880229592,52,6/6/2022,P,0,0
5660423214286797917,407122648950276378,724103165541173159,62,7/21/2021,P,0,0
4999658763215493121,948453699363096159,344516450937186069,29,11/21/2021,E,0,0
2791881293979938190,028544614948959941,626578520638216345,34,7/16/2021,p,0,0
1885196440127707542,709526578096454601,390615814544769243,50,8/26/2021,P,0,0
3348502449374501761,384112438697327336,075950778604765769,34,9/5/2021,P,0,0
6776049310070787209,505513356534554004,153488473585819280,28,4/28/2022,p,0,0
4187870623539272904,559993927999226339,136330980956616304,35,12/11/2021,P,0,0
1336579730761536896,013599136624578585,775444745915407435,3,12/27/2021,p,0,0
4878972084521392474,267433810978087504,522219227292752038,24,10/26/2021,p,0,0
2066088893794455000,497161876889485217,712792799433082702,65,7/14/2021,p,0,0
0190914091246325989,232451994633078043,029931612687243328,56,7/31/2021,P,0,0
0826636056737712363,157409318189515719,153488473585819280,19,6/18/2021,P,0,0
1392590627473284974,605905630371316555,701211478045007603,51,8/4/2021,P,0,0
5832058209550276862,598225356667550129,724103165541173159,20,8/14/2021,P,0,0
4743375427038841169,614763544364323301,626578520638216345,7,11/17/2021,P,0,0
8507414266940506010,839391724039964113,324981490336520256,5,10/26/2021,P,0,0
7174165572843677120,858850069086174750,450792311294560699,68,8/3/2021,p,0,0
3909423152040082646,279987755762162777,261346082333196136,42,7/9/2021,p,0,0
3913802413045867232,454877161107253708,234536169042078323,2,8/27/2021,p,0,0
2882772515414116138,039763833341392864,950176014295785412,43,5/12/2022,e,0,0
3945286141401542186,023045052983265049,257676669217854217,39,11/6/2021,E,0,0
4728110766300731548,886187786763447997,021792910986169916,47,1/27/2022,P,0,0
7528072261254713820,966900526449704995,476155990216741962,34,9/11/2021,E,0,0
7391337610780855181,494197645197895795,075950778604765769,56,11/2/2021,P,0,0
9306224358199469183,667961735531117332,773464406523353254,4,3/8/2022,P,0,0
3050558569582225715,210625806234979637,311753944891606265,54,11/14/2021,P,0,0
5414949090803917831,623021086457782260,955007606276397648,65,9/15/2021,P,0,0
6914844779429721446,148978558815221146,473270260339732020,67,10/19/2021,P,0,0
4390723441937243845,245282731287218510,540180260734197095,57,4/28/2022,E,0,0
7998531041355056575,547455060226293322,387574648343501580,41,11/10/2021,P,0,0
0229445481317447643,377869732399086318,476155990216741962,52,7/14/2021,P,0,0
0013029507600394483,208130289030658610,420019659063197564,43,6/10/2022,P,0,0
1023812644086089527,802201275120189076,089835951381024315,48,5/15/2022,P,0,0
5480321991676035438,721685754807268494,122889882009417476,36,4/29/2022,P,0,0
8975631498707670472,776720511135187575,342001241880229592,34,6/23/2021,P,0,0
1788296173042535106,302711330022065769,208744574990517575,52,6/22/2021,p,0,0
4656713540369009052,125491804752825534,540180260734197095,53,12/3/2021,E,0,0
4257581280274755381,511487600492981837,483014047884222217,10,1/20/2022,p,0,0
8425475210384821251,841323385309484561,987977005619639187,53,1/1/2022,P,0,0
3378504062725036701,420959604157777069,136330980956616304,34,12/8/2021,P,0,0
5212921177254331951,060751729841310488,062103542629566568,56,4/2/2022,P,0,0
2238195689264236439,834189727527579360,385525367762138535,32,12/18/2021,P,0,0
8445448689814142309,954506796639271046,140795170857722141,10,10/30/2021,P,0,0
4622283013711823052,812032287052183458,539710325769658677,40,8/25/2021,P,0,0
3605426548610033462,092473067823877960,773464406523353254,62,11/9/2021,P,0,0
0201724342051505467,413496669870013783,531202966869552006,8,8/14/2021,e,0,0
7701704300224422488,916172242269652957,420019659063197564,31,1/29/2022,P,0,0
0471291414101320158,850756947249291779,521574668673847268,33,12/30/2021,P,0,0
2173261356369171844,098228771291980092,102120317615228291,5,5/20/2022,P,0,0
2038527808948379031,580521937446481950,311432583382275578,44,1/30/2022,t,0,0
4417223534872353479,801081485037733026,450792311294560699,39,5/19/2022,e,0,0
5083131713556534862,293666585249464288,504472641142553689,5,7/2/2021,P,0,0
7450542715750691412,814611454780058974,342001241880229592,48,8/18/2021,e,0,0
0087069487035885983,384946397739086058,549670819521557232,53,10/9/2021,P,0,0
2941229944953372762,539332679209936491,757327695626912897,42,6/16/2021,p,0,0
6636099042715979547,498937293746987333,348994295765937354,4,1/6/2022,P,0,0
3673104719819953089,703520753424879170,461696336013127527,59,9/27/2021,P,0,0
8317368058844067636,643461955895258941,050075599222133561,57,9/10/2021,E,0,0
7561208080184001374,995091147710442429,549670819521557232,13,1/9/2022,P,0,0
5364488955870178248,288860952697494778,987977005619639187,21,4/14/2022,P,0,0
3197081923511883529,218939309680398331,171085894932803458,18,2/3/2022,P,0,0
4549942149584935555,196136672170950986,994595984919168144,27,6/26/2021,E,0,0
0272300801001057009,821282500349123323,148079562732391755,10,11/22/2021,E,0,0
3220065251528106881,749837260987421573,960166209287804004,29,8/17/2021,e,0,0
2852647598866591982,743824921049499346,875713773126936651,65,9/17/2021,P,0,0
5003965872590514062,305392379026962625,473270260339732020,54,10/30/2021,P,0,0
0068902787895443627,238021448360431471,342001241880229592,27,3/23/2022,p,0,0
1934372079497660514,174634780422914180,021792910986169916,46,8/24/2021,P,0,0
0064907175786544110,402165265205629112,131156092768417942,4,11/10/2021,P,0,0
2580942856877060936,319589423518582315,669734616758270738,42,2/11/2022,p,0,0
4948039879836451844,265570282501551682,326936897612564925,63,3/26/2022,T,0,0
7259843493587361141,206930511061749648,785333986732294879,41,8/28/2021,p,0,0
3334094645040030550,881641650982046469,269398382534379129,20,12/26/2021,E,0,0
9679740463008054968,536762365074872584,746646513939868105,54,11/11/2021,P,0,0
0506849966298322520,765694015394619920,021792910986169916,18,9/2/2021,E,0,0
3966352527651029783,818128991530851699,428513860077342509,52,5/22/2022,P,0,0
9421054897281041697,458527764830979103,773464406523353254,6,4/11/2022,P,0,0
5537974465186098900,739469200303367894,515135448026196572,63,11/15/2021,P,0,0
4379578330114195767,957190433832703095,515293239396423517,57,6/3/2022,P,0,0
2490994683935527696,340102205807062360,189068519748623661,29,7/4/2021,P,0,0
0076007041303326301,495788352297660729,460277245600645507,32,12/25/2021,E,0,0
7621243001287570970,296535033457794783,389496848856921297,20,11/26/2021,E,0,0
9931638466641103307,374245818223114204,528418905156666724,61,4/11/2022,P,0,0
0872213842353418462,565685096234237672,109369813287546379,3,7/16/2021,P,0,0
8182319020859439833,347666704444305317,046180259037335294,45,5/6/2022,P,0,0
9971012796552234323,293453150281035961,269398382534379129,23,3/27/2022,e,0,0
5263959601502400120,108803483783304913,021792910986169916,22,10/24/2021,e,0,0
0245285029868457128,625931022459423088,148079562732391755,19,6/29/2021,P,0,0
3160998850161808279,623567094568220001,994595984919168144,47,9/12/2021,P,0,0
0724380162888706354,200492773527785011,667790204982238820,19,6/16/2021,P,0,0
5729094664815945931,635895015881394137,189068519748623661,33,9/30/2021,p,0,0
7186733425826278392,139763249395079297,167739475930761500,67,7/19/2021,E,0,0
5750746820012685649,098875508486424629,297450368367757096,64,11/1/2021,E,0,0
3224836712384777904,362876145152681995,935458276246156041,40,2/7/2022,P,0,0
6930982547385500162,674808671054601211,309599740618748888,56,12/15/2021,P,0,0
5377524155136150457,956137679138093935,594735472280395759,66,2/22/2022,P,0,0
9463292282616133702,636354416409675880,311753944891606265,60,8/23/2021,P,0,0
2698909330473628313,236401277626564122,113733864471038990,29,3/6/2022,E,0,0
2245657739979456280,644769689453600178,787997129661610257,50,11/2/2021,P,0,0
8226526620133647922,446987378079808372,344541757726526183,24,8/31/2021,p,0,0
8666265190040148746,888828048155132924,385525367762138535,64,7/15/2021,e,0,0
6038171344932292571,108766654925888735,531202966869552006,56,11/16/2021,P,0,0
0562534772888445264,861383902416221544,610795954733017861,31,12/2/2021,p,0,0
6463383184689418174,905283886634444977,448852880252873659,47,5/2/2022,P,0,0
4581692127562213303,305237495467820963,724103165541173159,12,2/6/2022,p,0,0
1814381178452500270,965959199614868311,083703895761254959,60,2/13/2022,p,0,0
1659088624744461880,660769656647911826,588794858474119633,22,11/26/2021,P,0,0
4591186627011703752,034934650245775052,344541757726526183,48,11/18/2021,t,0,0
2478534774925102091,599462154971988296,420019659063197564,40,6/5/2022,P,0,0
3009581132635170647,846826932927144783,845967445505527820,58,8/18/2021,e,0,0
5002370082054483806,169215209716322429,098374640047920046,40,6/15/2021,P,0,0
1959743294328279786,756674602187913140,050075599222133561,64,9/10/2021,P,0,0
5011728158263678674,388540321142903686,476155990216741962,50,6/24/2021,p,0,0
6760970501025482091,102095485598578933,378325915185034401,49,10/30/2021,P,0,0
0802161444843310822,295964574651689714,083703895761254959,48,3/10/2022,p,0,0
8517563718364807895,049545731873624774,540180260734197095,4,8/10/2021,P,0,0
2393023341829693456,944594356519238225,861412324863155072,1,4/6/2022,P,0,0
5103411842212080901,210007450765387992,584197178738805406,9,3/29/2022,E,0,0
0632946995254884547,983403451933821336,976815172012319573,14,5/27/2022,p,0,0
9238273315576061643,645365879561862377,141632531869116643,55,12/6/2021,P,0,0
6668665511402818878,722154197455452229,845967445505527820,58,2/3/2022,P,0,0
4738213882912532717,567682703139623613,724103165541173159,7,1/25/2022,P,0,0
6322836429730629034,522254096617295615,454382213448482759,17,2/24/2022,P,0,0
4500997555579366529,314309688372455264,321029389880617896,33,11/12/2021,P,0,0
7616236022324989278,436265315895774585,118726947916863131,41,6/11/2022,E,0,0
9426639959067212969,574099124320987975,153488473585819280,44,2/12/2022,P,0,0
0214331650884192953,632788569473050777,473270260339732020,8,5/2/2022,P,0,0
1628032754583190533,080308286729556568,234536169042078323,20,3/24/2022,p,0,0
0936296114575960268,743671525576139497,663187033213477050,42,7/4/2021,P,0,0
6768310126131307018,133722523813686676,875713773126936651,61,9/19/2021,P,0,0
0115544070664436863,592721195730618445,746646513939868105,64,5/27/2022,e,0,0
4898820273238966437,525352762525523640,171085894932803458,25,8/6/2021,P,0,0
4946588388314759855,762986915095623725,766206535131856458,3,3/10/2022,p,0,0
8946248978628839573,530851398970605344,044672760666162701,51,4/24/2022,p,0,0
3582274543873415390,486794096470426626,745523898305305456,64,7/31/2021,P,0,0
5138096312978618431,132628987489818300,208744574990517575,37,7/16/2021,P,0,0
7004620414715274614,901454233587421378,432330514208611436,56,4/4/2022,T,0,0
7734198747929660926,199700802564270973,515135448026196572,51,7/2/2021,P,0,0
4056770071553773496,243863461544718740,023742442123303857,33,10/15/2021,t,0,0
8011352564634827644,187253950877964927,884062358104857221,20,5/20/2022,p,0,0
6592999428544035887,461415923897859739,669734616758270738,52,2/17/2022,t,0,0
6850512648700092013,356890757405777291,179190806493681668,11,6/6/2022,E,0,0
2583323101368666017,305399056264177354,647617208995675686,23,8/21/2021,P,0,0
3496720515234117914,326717206356145278,771447703742675789,19,11/7/2021,E,0,0
1105071108821133009,978012446254369541,447259615343474486,8,5/29/2022,P,0,0
8275065393186956239,800363324203235147,541595565151880626,4,9/30/2021,E,0,0
5060111180819371455,983543882995414048,205565240665100643,19,10/26/2021,P,0,0
5376129478528981695,525173647114999102,502835555093810763,38,9/2/2021,e,0,0
9862592122124402157,345136879652755210,311753944891606265,35,2/6/2022,T,0,0
3889567499576952518,932174264926965015,531202966869552006,18,7/16/2021,P,0,0
7571357476020288851,024736773743270695,663187033213477050,52,4/11/2022,p,0,0
9849639845080385929,782875110370774806,869340934625397181,58,5/28/2022,p,0,0
1160277097318141399,180034259495888390,091158633094479280,30,10/5/2021,P,0,0
0923750761485429468,376968736542621449,309230583445986942,37,8/5/2021,E,0,0
6268288690695557957,844919615623015922,660872005765036934,17,3/11/2022,P,0,0
6331286089850555858,108462205560913773,380667103793723621,57,4/16/2022,P,0,0
6102693215237188180,530528203905092423,120492572696262600,32,12/18/2021,T,0,0
0122446105923166976,843414059996555890,845967445505527820,32,4/2/2022,E,0,0
4088318383511580754,062133103570020962,046180259037335294,66,3/21/2022,P,0,0
1198391170675403074,459857609461233521,875713773126936651,62,11/27/2021,e,0,0
2534583861325044507,086241006619540496,144124290840349250,22,2/11/2022,e,0,0
6330991853501679182,378181177035040141,448852880252873659,34,6/8/2022,P,0,0
0923776698075838791,177570764445252332,667790204982238820,20,9/25/2021,E,0,0
8515563152078432467,545498205540846967,311753944891606265,18,8/26/2021,P,0,0
7103753971867804256,666565591106644661,685703553645687122,10,4/9/2022,P,0,0
7325303504956942192,414125585857395520,091158633094479280,30,4/9/2022,p,0,0
8092773294015242901,143176987113290329,532802613591452823,3,8/27/2021,E,0,0
5490115303508339817,578494784456371632,543678313980433037,13,3/2/2022,P,0,0
0729967036562072646,400581227253391205,588794858474119633,68,9/11/2021,T,0,0
2071779297125863449,759499713251991154,917861826173659961,7,8/15/2021,e,0,0
7082477600647296761,382984063300342537,385116684572082452,18,10/4/2021,P,0,0
4524044220703903164,875543667974934133,937280671004603767,21,3/5/2022,t,0,0
2505398901593578793,303434317237705141,352151763083892693,10,1/18/2022,p,0,0
9551526783945993656,927327282069373587,380667103793723621,28,6/6/2022,P,0,0
4258781404881408354,141667743274640887,102120317615228291,61,11/13/2021,p,0,0
0860781771329749378,524651081626953935,476155990216741962,24,3/3/2022,P,0,0
1312181420221372137,240357928014340986,955007606276397648,30,3/16/2022,P,0,0
7431010130111995437,623948655632895832,057461469900484276,44,7/17/2021,p,0,0
3837252426975207774,531112428344722259,773464406523353254,65,4/13/2022,p,0,0
0886972002725193695,490293049763489514,541081798869054616,39,3/6/2022,E,0,0
5053710181902704453,000979245124586468,144124290840349250,63,10/10/2021,P,0,0
0279474601631386478,617471663046924759,385525367762138535,57,4/22/2022,p,0,0
4896139082355089344,006280723513247346,454382213448482759,19,3/11/2022,P,0,0
0149597942218306276,130712507404983119,326936897612564925,17,5/3/2022,t,0,0
3434612612780417394,781046585994501219,528418905156666724,46,3/25/2022,p,0,0
7029164515066803751,184000178438639713,083703895761254959,30,2/9/2022,P,0,0
2452802651505085890,467544584826053964,213388461245890537,40,8/8/2021,E,0,0
1211581027760732093,633529008579357142,775444745915407435,66,2/26/2022,E,0,0
9388916502788402095,285989604538440919,189068519748623661,35,2/15/2022,E,0,0
6230717698607308692,371078033350716094,584197178738805406,58,3/27/2022,p,0,0
4839114894453833787,136422686776465569,971357427518005972,52,11/4/2021,P,0,0
9724214829168628148,861995443692855535,052885239021925858,32,8/5/2021,E,0,0
0723040762804330106,753096834957139029,153488473585819280,20,9/30/2021,P,0,0
4876936754184332933,138988217247135902,532169037319123732,25,6/18/2021,P,0,0
3444988974686911525,890405122802491401,742096478622846292,18,3/20/2022,P,0,0
9978900664200801516,371539877549581254,615800539331564217,2,1/28/2022,P,0,0
7839129320692894851,283610019782947806,415123278983542339,40,1/29/2022,P,0,0
6479793933038994444,358488154225697382,205565240665100643,8,5/18/2022,T,0,0
7129311123548509125,835115962769582408,476155990216741962,43,7/30/2021,p,0,0
2830844795532091669,558013546780765421,540180260734197095,16,2/20/2022,P,0,0
2004201598082793919,058897326169827655,740816947734319288,66,9/3/2021,p,0,0
7805223808196230141,013520326749288942,990931308100389003,30,10/16/2021,P,0,0
8995367880212137451,451815481509114857,492332775265782690,23,11/9/2021,P,0,0
0172020322258378742,107948676130611276,278364300286363528,20,11/3/2021,p,0,0
5803803979411031950,359906302605011825,448852880252873659,9,4/1/2022,P,0,0
9793811214052181368,285875734086790134,779601255086655618,27,7/25/2021,p,0,0
9666124714114835375,218106156982611824,935458276246156041,37,5/19/2022,p,0,0
9898914532074654531,960202887764120053,109369813287546379,26,12/12/2021,P,0,0
4955123416412748129,757704224733007456,387574648343501580,64,2/1/2022,P,0,0
4695111548013775279,477242060789323109,090222527172527167,37,5/16/2022,E,0,0
0964181516372154606,822671308143921110,549670819521557232,16,11/21/2021,e,0,0
1896718713097875236,061130632322994494,731822950757694803,26,5/9/2022,P,0,0
9347441334436674216,249521917724572683,152581389419809192,16,3/30/2022,p,0,0
5575337452945160388,081296075142258882,915193667348323978,42,10/20/2021,P,0,0
4282892966955577028,862809220800101985,818665728298554414,20,1/21/2022,P,0,0
3176270258479357854,903127579497844885,454382213448482759,57,4/10/2022,p,0,0
5068364462099583455,266848478888518897,539710325769658677,20,9/4/2021,T,0,0
4449078605093801579,450855431066342964,428513860077342509,27,8/22/2021,P,0,0
9261074473985197690,834402321747152644,860093463928225854,32,8/4/2021,P,0,0
9151392883536573745,840879548978612148,869340934625397181,23,9/14/2021,p,0,0
3813758735640287283,856701851041223811,495221616046287188,15,7/10/2021,P,0,0
3750752932618834589,291660977811103631,027737756713026613,28,6/16/2021,E,0,0
7987991166400764630,715307813465132359,692345565548461755,61,3/5/2022,p,0,0
7715436168787735599,321579569715960782,489386180691629760,44,7/28/2021,P,0,0
9680379529717305344,619031944785536655,136599312153672648,20,5/5/2022,E,0,0
0759202799419357111,227116325710954469,931626440465544741,21,11/22/2021,p,0,0
6542142107806925078,542853340840627564,871627460626339527,7,9/28/2021,p,0,0
4560291304125455966,767076288196162095,327560335702683172,24,12/1/2021,p,0,0
4907209936903634383,073200997109986033,185029705088837499,9,12/27/2021,P,0,0
9594277059011796448,763660535228932468,344516450937186069,21,9/17/2021,p,0,0
4374514634855562965,630439060380908726,517436850030277323,4,12/12/2021,P,0,0
6272845005942983691,608945454347835246,309599740618748888,61,8/10/2021,T,0,0
5510323545281373572,984855584342552463,065199803626779568,46,1/9/2022,E,0,0
3042086967506704778,438659222970683978,344087628882667383,30,7/2/2021,e,0,0
6001032160152086019,598916588761457557,515293239396423517,64,5/24/2022,P,0,0
8050268364990866056,340329779527003411,046101683214182869,11,9/28/2021,p,0,0
2344145639434911863,980539598810478370,243349974473800631,29,10/24/2021,p,0,0
9550668443305040050,656938263764755318,046180259037335294,38,2/14/2022,E,0,0
5797803810015635847,479174711490178340,036762059875734354,45,1/10/2022,p,0,0
9498000024133008628,782231290970584353,746646513939868105,47,4/4/2022,E,0,0
7323400360108811576,392217813805693113,129236162275978375,65,2/16/2022,P,0,0
3094545830485662402,342350216282562777,594735472280395759,55,8/6/2021,P,0,0
2807523907355308879,918638430005418761,036762059875734354,35,8/26/2021,P,0,0
2341778113286988293,815673289894941836,541081798869054616,30,9/15/2021,p,0,0
1719603379145239651,133873356253318522,915193667348323978,55,12/22/2021,p,0,0
0973265758719905297,575314947317794975,495221616046287188,43,8/29/2021,P,0,0
0448411124161560337,061398118516797629,065199803626779568,5,4/8/2022,P,0,0
0717925554367491375,801648600760393978,731822950757694803,59,2/16/2022,P,0,0
5754452314834469802,195899000664996867,532802613591452823,49,2/27/2022,E,0,0
6841469307912792860,002074617253627235,065199803626779568,35,9/14/2021,t,0,0
8090369677993584521,552041526952713467,450792311294560699,18,4/15/2022,p,0,0
4513567604781235791,357333170946684739,746646513939868105,52,11/1/2021,P,0,0
5612702858521625654,271600361935041081,541081798869054616,9,3/12/2022,P,0,0
9782387978353487866,406332271921310991,125108462355237021,48,9/3/2021,p,0,0
3458772294827953584,812145115621786586,389496848856921297,29,5/26/2022,P,0,0
4001860911606358277,615260328030044345,925395047856131922,8,5/15/2022,P,0,0
6612811638949118438,623178436918008782,931626440465544741,42,3/21/2022,P,0,0
5515364379201524067,041039204533464295,787997129661610257,41,9/7/2021,P,0,0
0244301467850441212,366846461737654779,924066185498471412,50,1/8/2022,p,0,0
8950085610005792397,899069376794881426,543678313980433037,57,1/13/2022,P,0,0
3762946855138724594,580148219865291994,453621062842782934,38,5/24/2022,P,0,0
8546769187921168859,315211575484016999,953319111393412266,21,11/21/2021,E,0,0
2653314504442538763,344345584941297316,078975328080032529,10,8/19/2021,P,0,0
5964183697898883970,359636245279022759,342001241880229592,5,7/28/2021,P,0,0
1614525047044224627,188399307330032929,383011676312433704,26,10/18/2021,p,0,0
3423829098184924705,271092377065693742,036762059875734354,15,2/14/2022,P,0,0
7575476829081914824,430129140983648813,344516450937186069,7,3/6/2022,E,0,0
6253643480358450928,873539559163122502,342001241880229592,40,7/20/2021,E,0,0
6853287532139296172,425284812400081002,013897435547336084,57,1/15/2022,p,0,0
3412929911735684181,852417344084012110,541595565151880626,45,11/1/2021,P,0,0
9004421443328416637,768294667732757084,428513860077342509,50,10/4/2021,t,0,0
6321740242672915805,491222785539735623,171085894932803458,25,3/31/2022,E,0,0
7001908928222503053,916653481749036948,610795954733017861,53,10/5/2021,P,0,0
0745196109311386684,433194749715082327,378325915185034401,6,5/17/2022,e,0,0
5402247948387561364,332406120535197814,149056142860518395,54,9/17/2021,p,0,0
7068463327668320427,961858216417258255,029931612687243328,67,5/1/2022,P,0,0
7225238139990275550,482559781416331937,327560335702683172,34,5/6/2022,T,0,0
4159741927727568537,617621746676441175,278839560835310929,43,6/20/2021,p,0,0
0236695761918646324,971711176160290592,113733864471038990,38,3/3/2022,P,0,0
8074638562749109412,054857536152885380,901180150631278668,30,1/15/2022,P,0,0
5878718065841094962,838826598037823169,311753944891606265,62,3/20/2022,P,0,0
8987648815028553787,535695690336005695,528418905156666724,35,11/12/2021,p,0,0
3010163606209517938,363395454165034293,113733864471038990,41,10/10/2021,p,0,0
7512074473091406681,058967204789520330,543678313980433037,40,3/31/2022,P,0,0
8243690287024869733,604822553932565379,647617208995675686,7,11/7/2021,p,0,0
