numeroAD,curpc,curpr,idSucursal,fecha,tipoPago,subtotal,total
464793680000373261982,905019965331779475,513947481013199604,9,12/26/2021,P,0,0
717752652751769516205,225620543183629840,065199803626779568,57,2/8/2022,P,0,0
888100124355950883419,463000087002505071,584197178738805406,43,5/3/2022,P,0,0
706339588470058875729,202280058521568945,515135448026196572,27,12/6/2021,T,0,0
215168344573888730628,298326459068258361,531202966869552006,55,12/29/2021,P,0,0
819191028997676479564,118002984501584786,513947481013199604,32,7/30/2021,p,0,0
507867891630427329647,745867613027533428,692345565548461755,52,3/15/2022,e,0,0
584613853782131202245,441428045423284668,785333986732294879,32,6/10/2022,p,0,0
894145145776829438273,928679863616934176,594735472280395759,60,8/7/2021,P,0,0
182561698093805099285,334352478604766228,935458276246156041,9,3/19/2022,P,0,0
630236664594625029794,208753334081005296,098374640047920046,68,7/13/2021,P,0,0
680419628136527694095,213797471747940424,185029705088837499,62,9/9/2021,p,0,0
838353272598048603951,858962282132561685,647617208995675686,47,9/23/2021,p,0,0
390353469912443599483,796026093364468992,472075941670469877,47,1/11/2022,P,0,0
910574863692720245895,673829429289687961,062448369552453657,49,1/4/2022,P,0,0
492423015561459641007,255950545096723416,211132070316009192,49,2/26/2022,P,0,0
043580607573809664339,068966915104576850,125108462355237021,7,10/1/2021,P,0,0
841649566894600594713,502363049851751339,387574648343501580,16,12/2/2021,P,0,0
507094833659610471783,940967198505054197,321029389880617896,66,11/11/2021,P,0,0
389919674496696918870,586983208984793472,117926588371189932,22,3/26/2022,p,0,0
939677907968423080834,816383463609904140,342001241880229592,58,1/23/2022,P,0,0
482771172701645309081,530246997063636244,544131165394859289,18,3/8/2022,P,0,0
689244493716545623817,485867995763630622,660872005765036934,18,11/10/2021,e,0,0
788675018473529893481,439303739773577831,390615814544769243,23,3/7/2022,p,0,0
188147958149510894960,163690624887770468,615800539331564217,66,12/28/2021,P,0,0
250813373187219288943,084521316497054397,415123278983542339,67,2/11/2022,p,0,0
267072836827531168906,005494862998403043,324981490336520256,46,12/24/2021,P,0,0
145041332265355759346,765883832882726094,269398382534379129,33,11/5/2021,P,0,0
804044127080287571015,655098874967970303,931626440465544741,13,2/13/2022,E,0,0
829955980766973435164,768851210040292782,385525367762138535,37,7/11/2021,P,0,0
987380549189983808252,316042985355677755,935458276246156041,27,4/19/2022,p,0,0
679841690200810940499,980394818966845739,541081798869054616,62,11/1/2021,p,0,0
310715151174913819641,643920630151934534,692345565548461755,24,9/15/2021,e,0,0
943425289831549073091,551020650534285021,205565240665100643,42,9/17/2021,P,0,0
102397850223178229583,795622989095958465,987977005619639187,22,12/12/2021,E,0,0
455439985116001172474,459770649411923468,389496848856921297,49,12/12/2021,p,0,0
048209818512688619653,270501820802284404,757327695626912897,1,7/7/2021,E,0,0
922260960306044054570,536506006327210639,667790204982238820,3,7/17/2021,P,0,0
231486829691821529382,500826028967532354,389496848856921297,13,7/6/2021,p,0,0
958433787344584719077,413878569614302321,847901501696185595,25,2/23/2022,P,0,0
568153296069131597582,779001356593646870,448852880252873659,34,4/17/2022,P,0,0
313224559579121971898,296756155913317510,309230583445986942,43,5/9/2022,P,0,0
768533685625309998472,714548180148833725,357794048166421059,49,3/30/2022,E,0,0
718869561319746906492,489112502219663958,153488473585819280,26,4/25/2022,p,0,0
727791461031374432573,892459731596800434,757327695626912897,53,10/14/2021,p,0,0
553757086173074142080,000392493218595027,120492572696262600,44,10/30/2021,e,0,0
055545906658384324670,637518558733093590,257676669217854217,17,10/15/2021,p,0,0
520542520466516469755,591011232764547798,117926588371189932,8,9/9/2021,P,0,0
867440268923107382304,585245478433659764,660872005765036934,38,8/22/2021,P,0,0
490057840606079809585,219087992492967623,671622509560222977,52,8/15/2021,E,0,0
638412264680171380465,850012755790280876,021792910986169916,31,1/1/2022,P,0,0
369323302722475801276,465773151057709435,594735472280395759,11,8/1/2021,P,0,0
328787143890165611029,070307453181822437,766206535131856458,65,1/29/2022,P,0,0
159134491190052312892,359246751782826139,540180260734197095,8,8/24/2021,p,0,0
183332686965934386865,035109884511077757,917861826173659961,9,8/9/2021,P,0,0
882634742346163401293,400015299694454492,089835951381024315,17,1/4/2022,P,0,0
795963918140446545651,215948496427614636,089835951381024315,37,2/7/2022,P,0,0
214435397889351244253,825237009249627703,818665728298554414,43,11/24/2021,P,0,0
565150547461826464611,861946698398729966,125108462355237021,20,9/20/2021,P,0,0
391699107275350229907,906848862638005022,539710325769658677,28,5/19/2022,p,0,0
357060064326032333904,491497613208711437,432330514208611436,60,1/5/2022,P,0,0
737668988615789658652,918401631260286111,745523898305305456,17,7/24/2021,p,0,0
309129937630824546764,608483999970517018,610795954733017861,42,1/31/2022,p,0,0
787217115765710193144,015192901671160578,378325915185034401,46,11/21/2021,P,0,0
284765475896614680972,421405790015250108,901180150631278668,29,2/26/2022,e,0,0
378110665351352304414,143706762155028718,955007606276397648,63,12/25/2021,E,0,0
433750799763901010840,817267828169406241,891580247244704360,1,9/26/2021,P,0,0
971457511390167501803,491763055366165284,264788040898803102,60,3/15/2022,P,0,0
695567595788276623670,237386782710296289,931626440465544741,18,11/10/2021,P,0,0
484314343286167875226,075931609660160131,977835041847448807,47,1/9/2022,P,0,0
733518469076164518161,246997241688739922,779601255086655618,47,6/20/2021,P,0,0
164828185663883429027,671981323888273635,377263025253483845,57,5/26/2022,E,0,0
371134409514067641744,025253821443662134,395941137881350772,50,3/14/2022,P,0,0
903710583287148162074,211242428681606886,357794048166421059,21,11/21/2021,P,0,0
336343316892884998757,216119238260261629,871627460626339527,11,7/26/2021,e,0,0
181839271802560339524,519340403810055134,953319111393412266,25,2/5/2022,P,0,0
875642505786745103492,147037634412055735,046180259037335294,26,4/10/2022,P,0,0
584718753365283952005,260000163179540912,243349974473800631,21,11/28/2021,p,0,0
695170588091617948826,261788721535389354,036762059875734354,43,12/14/2021,P,0,0
300239414976891540868,415354661816625862,083703895761254959,34,6/24/2021,P,0,0
972502063526627953870,128619164891772697,297450368367757096,67,5/15/2022,P,0,0
799597073187707682437,577522533437728996,309230583445986942,28,7/21/2021,E,0,0
819103753048127729819,893298891113762339,933442708372758039,65,8/22/2021,P,0,0
042666447201348136353,971202078708069154,175577549064995206,18,12/15/2021,e,0,0
192943038265585316952,726487026289026715,994595984919168144,37,3/17/2022,P,0,0
090952892121828149058,733279206503187400,168154608955541702,10,9/8/2021,P,0,0
049141870413687652541,197514555507175483,152520122193682432,63,2/28/2022,T,0,0
341645088076208421376,234526383636517544,378977799483137806,18,1/19/2022,E,0,0
332871323681910331479,221016608523649137,492332775265782690,12,5/5/2022,P,0,0
479283696522193814627,162772872664724971,787997129661610257,21,8/1/2021,p,0,0
117139896625043672934,608589824973896672,746646513939868105,9,6/15/2021,E,0,0
302788078288352097982,195573717520360625,044672760666162701,51,4/30/2022,p,0,0
695111267115443836775,966056589738992359,098374640047920046,5,6/9/2022,P,0,0
797862677885365423782,686387333795841431,671622509560222977,40,12/12/2021,p,0,0
668477787610331204164,841780289728886342,657762110936984471,40,1/22/2022,P,0,0
929301151885608758081,433242498705220241,937280671004603767,23,6/11/2022,P,0,0
470163747694123794255,291692629742899755,847901501696185595,43,12/7/2021,E,0,0
854569111826181234188,292738301527517118,990033852196838680,43,10/24/2021,P,0,0
624581038058542535696,683939110444293668,324981490336520256,14,8/24/2021,E,0,0
587800857579693381916,290882793120175214,138332447764752511,35,4/15/2022,p,0,0
985870913908846941516,757818849333639604,527827135999631898,41,8/24/2021,P,0,0
393269986299776868636,855604394257998520,171085894932803458,34,7/5/2021,p,0,0
833117948640831798926,334017350472141514,532802613591452823,12,8/14/2021,P,0,0
631362613739222389053,775026241915439556,647617208995675686,58,11/3/2021,E,0,0
633796464776682974318,511015242136261743,213388461245890537,42,12/27/2021,P,0,0
852813203904279925820,243056697636846813,342001241880229592,30,4/20/2022,P,0,0
849262696124816006350,645807454842010376,937280671004603767,67,10/19/2021,P,0,0
551037865489625086243,955609365129847945,271716254331051274,39,7/15/2021,P,0,0
973474238374448445050,879595620723544152,515293239396423517,15,10/21/2021,P,0,0
260482042939723928670,473641305591233704,300509490687551987,65,6/21/2021,P,0,0
251298496845320409660,101899460526736282,521574668673847268,17,12/8/2021,P,0,0
686268200685636772061,710843950843107297,953319111393412266,34,6/14/2022,p,0,0
826481313354810924487,744170935311652622,021792910986169916,8,8/28/2021,E,0,0
109229149762460723600,005085230786144955,521574668673847268,25,4/10/2022,P,0,0
241884980483297354957,200200639163158743,541081798869054616,60,5/1/2022,E,0,0
569712422527968428513,343063361782000030,385525367762138535,63,9/20/2021,T,0,0
562413513395100757903,723656863878882568,311753944891606265,65,7/29/2021,P,0,0
480910073076350478369,464600721800062541,448852880252873659,56,9/30/2021,P,0,0
078995464621041576117,578316651494238450,871980282851902121,20,3/5/2022,P,0,0
747978014905727190154,193391549744311389,117926588371189932,68,11/3/2021,p,0,0
355032824483446190534,519444427502535216,264099426424307010,16,6/12/2022,p,0,0
331154442499279649678,923581869108849751,522219227292752038,12,4/14/2022,E,0,0
566315451382593317042,489575536080727153,297450368367757096,3,11/25/2021,p,0,0
927633382769870009436,718981193994334381,344541757726526183,43,5/1/2022,P,0,0
887790026869221004686,955384136490341689,311432583382275578,38,8/3/2021,p,0,0
416642283242112726178,233394646029018872,098374640047920046,1,8/6/2021,E,0,0
449796531868212739640,019349308336948983,977835041847448807,22,7/2/2021,P,0,0
140921244732767793453,604082939269985950,502835555093810763,7,5/18/2022,P,0,0
038467815255085884718,816069755915437975,584197178738805406,18,3/26/2022,e,0,0
966465709800079975216,760704055887841508,950176014295785412,2,5/22/2022,P,0,0
797978222489050719611,418926742310647285,205565240665100643,34,3/7/2022,p,0,0
703548113495810840562,632259950682683237,615800539331564217,58,5/10/2022,E,0,0
065479646295715343908,790974225406864788,541595565151880626,46,10/17/2021,p,0,0
778980315468837135787,704706336683101251,050075599222133561,18,7/7/2021,P,0,0
665448744623467114825,184313115168641105,541081798869054616,60,4/15/2022,p,0,0
637235958650650968611,685496256941656918,960166209287804004,61,2/7/2022,P,0,0
605858649930035790445,577384686939074792,805884100431327301,64,5/15/2022,p,0,0
213421531658506079502,622162961107520378,089835951381024315,5,6/30/2021,e,0,0
577297593740392287874,491816088076895707,805884100431327301,2,5/25/2022,P,0,0
285436588305872000825,651640638701212782,647617208995675686,27,6/15/2021,t,0,0
494186689353274781857,150256286054692498,543678313980433037,30,11/19/2021,P,0,0
666591271966789338745,484038218306268963,745523898305305456,66,1/28/2022,P,0,0
299768526600190798529,978398581597621919,013897435547336084,42,12/23/2021,E,0,0
171677621371797255802,316350865022811967,062103542629566568,13,11/29/2021,p,0,0
607646467103094038292,858798309750958149,153488473585819280,33,4/18/2022,P,0,0
918011458200996681745,417498919204726844,189068519748623661,42,10/24/2021,e,0,0
606284336771670030311,952397880661373836,420019659063197564,4,9/5/2021,P,0,0
042350207717783236051,311016519662801608,076121959074199315,30,9/18/2021,E,0,0
061894462132437035503,389676984322634700,432330514208611436,42,1/25/2022,E,0,0
519994948363295656147,943886873834374954,796358014909324863,62,5/28/2022,p,0,0
123399519122129547445,692701289324360436,773464406523353254,67,6/13/2022,P,0,0
864281480516038828641,073275327253698272,483014047884222217,32,1/24/2022,p,0,0
459748036376291758553,980162881269286315,243349974473800631,49,1/9/2022,P,0,0
957224595250334410997,000169344749246513,136599312153672648,50,4/8/2022,p,0,0
807047871155970724371,354195903290595341,884062358104857221,34,12/8/2021,P,0,0
756729720013080051592,593622063477844628,420248125031270459,61,1/28/2022,P,0,0
487561726332890971215,850529185502932634,731822950757694803,57,8/25/2021,P,0,0
889356479812875706294,282161498062562178,420615529375357365,46,12/12/2021,e,0,0
775432792276432675728,858860268394605145,087047436626913137,24,11/22/2021,P,0,0
777310692904908488378,634105596386534180,990033852196838680,41,7/21/2021,t,0,0
366935119635617158402,549670819521557232,131156092768417942,34,4/15/2022,p,0,0
068899250191895855644,092785920720801259,787997129661610257,50,6/4/2022,P,0,0
713589306473990246810,236966957253989384,515293239396423517,8,9/15/2021,p,0,0
671484128881406022108,656088084818394843,571276994041081534,22,8/2/2021,e,0,0
103737270851098380398,869896012346958584,185029705088837499,9,9/14/2021,P,0,0
826900355588304643117,491414307072843166,348994295765937354,11,2/28/2022,p,0,0
992098985087129618988,564478378593917126,389496848856921297,26,3/28/2022,p,0,0
831856085405438455282,981174017334237233,931626440465544741,61,10/6/2021,p,0,0
761287244722156383796,359982236585977786,763356621969490582,13,7/2/2021,P,0,0
220556450506609324350,516968297703811010,415123278983542339,55,1/29/2022,p,0,0
977349133094142086794,473676965693169095,145153304033295229,62,9/14/2021,T,0,0
652294130096456899930,057850743867055772,023677709645764279,56,11/8/2021,P,0,0
587618958458093905352,779879631939504415,515293239396423517,46,9/27/2021,E,0,0
162872631760614375915,443350395051485922,549670819521557232,23,11/23/2021,p,0,0
454705563123869145229,538252549118106637,264788040898803102,7,5/26/2022,p,0,0
968626669796673822027,599387041683719416,380667103793723621,66,8/7/2021,P,0,0
189650760754835227597,250150307793168616,447259615343474486,20,7/26/2021,e,0,0
348962885672378961240,708579780345599628,377263025253483845,61,12/9/2021,P,0,0
106971024533495742066,279425384244597329,148079562732391755,64,1/6/2022,P,0,0
108357140062070903084,794063255745584161,138332447764752511,40,9/21/2021,P,0,0
726079995530495474241,367952093636655365,075130605545988622,60,3/17/2022,e,0,0
366635978307604575196,585579788622259019,211132070316009192,57,4/26/2022,P,0,0
189631703458182378616,612873886605643614,309599740618748888,63,1/28/2022,E,0,0
587985547793716842656,774924669078655355,113733864471038990,32,11/28/2021,p,0,0
775786674852401683472,410503764259405323,448852880252873659,26,12/11/2021,p,0,0
019804346389490913153,044036179387690357,383011676312433704,21,8/20/2021,T,0,0
345562771089259670543,764715621716474303,701211478045007603,6,8/4/2021,E,0,0
458555874787095515859,271082481187586809,543678313980433037,64,6/24/2021,P,0,0
800705793805537347200,204513383530202566,476155990216741962,38,3/9/2022,p,0,0
631428355710225293583,636252322634886556,863055454603315282,13,3/13/2022,P,0,0
897980509885386165708,453403361910996564,493823389500067394,3,7/9/2021,p,0,0
193757691488887582082,509164738369759993,592189955912331508,64,9/13/2021,E,0,0
744412295987435166417,584382279223010100,532169037319123732,11,12/14/2021,P,0,0
835015475683597641199,243302624839002925,420019659063197564,2,9/11/2021,T,0,0
976200054063456168182,401856546055929433,539710325769658677,48,3/7/2022,E,0,0
471741139639202262929,915559169391076971,754479896019830127,64,9/28/2021,e,0,0
411802904950409594762,573501721015319054,141632531869116643,46,2/28/2022,P,0,0
702622565828478812457,248051461426680883,785333986732294879,65,5/27/2022,P,0,0
108592013460287262232,885040875734084559,985904807559848415,33,5/10/2022,P,0,0
948845573787942118907,028805928829012775,271716254331051274,26,3/21/2022,p,0,0
621123755879101764847,048809462388813779,571276994041081534,9,9/7/2021,p,0,0
085818215870669402084,034150626088017824,050075599222133561,7,12/22/2021,t,0,0
623995891594098726596,244646532849356826,584197178738805406,59,12/21/2021,p,0,0
528860617772023808696,806831976033816952,046180259037335294,31,2/13/2022,T,0,0
312283575697935567320,823717383688587472,027737756713026613,49,12/24/2021,P,0,0
838855319636304213800,175375187073421962,460277245600645507,68,10/1/2021,p,0,0
424887283820389463591,563111719564474846,489386180691629760,18,11/24/2021,P,0,0
969839429719705751963,719959687582202894,344087628882667383,39,1/30/2022,P,0,0
410271643901652323675,116134606152233037,527827135999631898,11,4/13/2022,P,0,0
948543586474219918832,621409874306760983,125108462355237021,29,7/22/2021,p,0,0
299117006758186343973,289072598871870008,385525367762138535,26,3/12/2022,p,0,0
282177977722265770421,968697064366628125,052885239021925858,40,5/15/2022,P,0,0
240235229533568281906,185462402383523773,117926588371189932,17,4/24/2022,P,0,0
448225569840864458675,889282927238766858,657762110936984471,51,9/25/2021,p,0,0
575728092850812002772,239334310157017426,493823389500067394,43,3/8/2022,P,0,0
691290364544536660010,618320967683191823,869340934625397181,60,8/4/2021,T,0,0
598888383199586714163,214458322559074980,740816947734319288,57,4/10/2022,e,0,0
546394286828780970153,229432666881596490,304915036165746210,1,8/16/2021,P,0,0
356898962255265930963,617009247580446141,090222527172527167,44,10/3/2021,p,0,0
407001752475297367419,790491421706570799,796358014909324863,3,12/12/2021,p,0,0
061608475193858779237,619572280516803236,671622509560222977,28,8/15/2021,p,0,0
555505585370711390514,204222344519162096,540180260734197095,62,9/20/2021,P,0,0
904473374750955758531,861895066890533790,660872005765036934,24,3/7/2022,P,0,0
662359005271193223157,240530789120102325,521574668673847268,5,9/30/2021,P,0,0
556131344527841721061,782043233094456023,843129606806840028,29,4/25/2022,p,0,0
557703275059880957886,532494228714955997,083703895761254959,21,3/8/2022,E,0,0
510919786346662179771,951255378238838448,863055454603315282,46,5/10/2022,E,0,0
286014676569800195258,262107444713413903,594735472280395759,64,5/21/2022,P,0,0
919352331927073907025,969446429806923777,517436850030277323,40,2/14/2022,P,0,0
098364256169635092146,093360342397434868,385525367762138535,24,3/11/2022,p,0,0
845519598359354723884,409007546769004172,618281783131364326,32,5/23/2022,p,0,0
647278262100088606153,904853046188665731,357794048166421059,37,3/17/2022,e,0,0
298907324164361777846,883543253738815707,745523898305305456,41,3/25/2022,p,0,0
440905962944760799802,097454968198667593,234536169042078323,48,4/28/2022,P,0,0
467034245322062324243,562482666799059069,454382213448482759,39,6/21/2021,P,0,0
893102357931601860042,528261827347684270,615800539331564217,32,1/2/2022,p,0,0
429727262865941012673,930168488241290439,075950778604765769,47,5/9/2022,T,0,0
776088165976542718161,556720562191656316,140795170857722141,67,11/9/2021,P,0,0
071222474526289206113,848691937931528626,448852880252873659,63,8/4/2021,e,0,0
605306333925757337963,249576797328871935,528418905156666724,21,1/5/2022,P,0,0
051317460018580022031,728275700274172579,657762110936984471,24,9/7/2021,E,0,0
450927426523810507492,643492641820510589,129236162275978375,30,6/8/2022,p,0,0
451761264650621287931,440454788347316197,985904807559848415,63,7/24/2021,e,0,0
407839854735614304528,127251781226885888,378325915185034401,58,6/1/2022,P,0,0
137042620853198053058,939487251716990741,122889882009417476,37,6/10/2022,P,0,0
338201329590778779192,121789902840389831,647617208995675686,61,2/7/2022,P,0,0
064192038029850532181,025035080563906273,027737756713026613,62,8/31/2021,p,0,0
401331965326267717348,248479727974634879,078975328080032529,22,3/14/2022,P,0,0
102755077296922667834,632077674386153217,432330514208611436,14,8/29/2021,e,0,0
933676646527178047794,774071762667766227,064253291366419663,63,1/5/2022,p,0,0
346906110418659374347,156219858879806605,311432583382275578,67,9/1/2021,p,0,0
389532967472440515636,078446224844590542,521574668673847268,27,1/1/2022,p,0,0
108889003350669945363,776749300442585602,513947481013199604,46,10/22/2021,p,0,0
194971786978254193340,413151143172159414,144124290840349250,54,9/9/2021,P,0,0
790939448107423521033,324982756913121471,309230583445986942,34,6/20/2021,p,0,0
071859176590331088782,847147006741510824,018790757116404838,9,4/3/2022,p,0,0
199262593985175351278,071537475926855778,531202966869552006,31,2/13/2022,P,0,0
667866775059383091164,670588387019795635,571276994041081534,22,9/28/2021,p,0,0
537352599591723814302,073071617808932078,269398382534379129,7,12/21/2021,P,0,0
521409795050695083791,171966727611491272,447259615343474486,45,9/29/2021,P,0,0
717212846006153405953,853023337186553797,460277245600645507,26,7/10/2021,P,0,0
425329818994721868417,400655848861258896,945666973437671377,34,7/20/2021,E,0,0
042414642261732792957,771954899090109385,766206535131856458,1,12/2/2021,P,0,0
923771666919767197627,348125770669975149,054462363935356078,9,9/17/2021,p,0,0
495972722052937687429,816829492162291494,027737756713026613,68,4/8/2022,p,0,0
050619552831468746652,206564770015661781,141632531869116643,33,3/2/2022,t,0,0
746630020476103605353,910267546868497704,057461469900484276,34,7/10/2021,P,0,0
393309320967671797515,585621957466864644,269398382534379129,28,7/14/2021,p,0,0
869751368363302516055,438096923911880866,495221616046287188,24,9/5/2021,P,0,0
052055057651452004158,969901023510205630,302754867929929962,49,3/21/2022,P,0,0
875838341493234188455,900850927499858298,517436850030277323,51,3/2/2022,P,0,0
556336326471181997559,590846974881647287,027737756713026613,65,6/27/2021,E,0,0
552040882470266201601,511075815282961049,027737756713026613,13,10/24/2021,t,0,0
485286910025611570867,433197824670240768,712792799433082702,46,9/3/2021,P,0,0
491647729831111809411,992431018581691799,685703553645687122,3,2/20/2022,P,0,0
676062189458909536720,884853745378516626,527827135999631898,17,2/1/2022,p,0,0
193169390364734759574,292571514748668676,342001241880229592,9,11/4/2021,e,0,0
429662219942104526202,375644826684402839,065199803626779568,36,10/31/2021,P,0,0
442919120324968724905,164624270706180918,145153304033295229,53,2/28/2022,P,0,0
200997404732982831173,847675045976797161,712792799433082702,21,10/17/2021,P,0,0
040580187230367494439,673364217905453609,685703553645687122,58,2/22/2022,e,0,0
000855671976015359074,115135270944843973,057517063635015433,27,6/2/2022,E,0,0
046289153828388497264,284166733032580593,539710325769658677,56,8/6/2021,P,0,0
976051376720856374289,656010510840104618,302754867929929962,67,6/2/2022,p,0,0
992863883659461930310,829394800551956897,311432583382275578,50,9/18/2021,P,0,0
776981515223131381137,946083638464233857,472075941670469877,60,9/18/2021,p,0,0
760827893198309702464,696416159689821206,428513860077342509,31,7/19/2021,P,0,0
486072179773615063831,128679086557416914,517879736341105653,30,2/10/2022,E,0,0
617421488153838885470,811519527691294856,805884100431327301,14,6/28/2021,p,0,0
600910975844331887144,200169430735436605,046101683214182869,29,12/20/2021,T,0,0
654645923237424858037,819399760701419350,994595984919168144,23,7/16/2021,P,0,0
868219613640406953230,585866312796576814,745523898305305456,53,1/21/2022,E,0,0
300385709747163562166,121643229632678071,153488473585819280,20,12/10/2021,P,0,0
850432735790024977418,769072764941601573,669734616758270738,27,11/15/2021,P,0,0
592035168095530361185,620483184818551321,884062358104857221,40,12/4/2021,p,0,0
455474344522285048558,052021128994129242,875713773126936651,7,9/26/2021,P,0,0
052166584457345794376,093014687833152772,583937366079637763,56,9/14/2021,P,0,0
670210786410685271095,057715953633820565,588794858474119633,42,8/31/2021,p,0,0
827756007796317275614,233325620206184017,766206535131856458,12,4/16/2022,P,0,0
410727144195994633042,075285471172647218,489386180691629760,66,2/4/2022,P,0,0
326146222029833104396,203855768404839902,685703553645687122,3,10/7/2021,P,0,0
853393606892498951089,378334297478242011,326936897612564925,58,7/25/2021,P,0,0
844976808290106904802,530563961513590231,149056142860518395,19,9/6/2021,P,0,0
258863940927785313474,598243993321399899,109369813287546379,34,4/14/2022,P,0,0
894096520949263115333,235336065078699306,515293239396423517,61,7/8/2021,P,0,0
308505885586480617964,456000352157821226,029931612687243328,40,7/28/2021,E,0,0
701309264795179905197,595694830793341912,213388461245890537,36,6/20/2021,P,0,0
403409616074382534933,873723019800059515,532802613591452823,57,1/6/2022,p,0,0
352939450754826314619,137450556727374089,131156092768417942,41,3/27/2022,P,0,0
405056066539260587687,647705056001322774,144124290840349250,59,4/20/2022,P,0,0
660625127667854243588,188783155161326603,871980282851902121,48,9/8/2021,P,0,0
477834340424943765930,576775897069855837,818665728298554414,47,12/9/2021,p,0,0
230511931240188199326,276154110437424526,925395047856131922,27,8/2/2021,T,0,0
912205159117357341667,709810929549650775,243349974473800631,53,5/26/2022,e,0,0
114138849586083875786,536818923291559120,977835041847448807,22,5/24/2022,p,0,0
545921016214610201261,227397392698364439,311432583382275578,14,11/30/2021,P,0,0
731826257573361105442,911994823613740152,588794858474119633,33,1/5/2022,P,0,0
706671290261421153253,943352165957370667,175577549064995206,66,5/26/2022,P,0,0
806227284719189591372,754955326957858449,714828745900215104,49,12/17/2021,P,0,0
637437002673778310723,111129851969415451,352151763083892693,29,2/6/2022,P,0,0
448424865104788054261,276858815793067770,234536169042078323,23,8/26/2021,p,0,0
750177064415825251863,615748921658499331,075950778604765769,26,10/18/2021,T,0,0
023975468435497925353,073678292641766162,860093463928225854,27,7/25/2021,p,0,0
982290789294978910529,757676674434565566,532169037319123732,49,7/13/2021,e,0,0
091766368934421696875,237155712519344552,447259615343474486,2,12/28/2021,t,0,0
425257098765496895476,408462619232867546,309599740618748888,24,10/18/2021,E,0,0
085670819639984917589,335655194086468614,933442708372758039,46,9/7/2021,P,0,0
642257827945403561950,654168048332865991,234536169042078323,35,4/13/2022,p,0,0
732296379506124400815,387820964476085310,185029705088837499,11,2/12/2022,P,0,0
774761722282984739091,069841756507081578,483014047884222217,37,4/4/2022,P,0,0
679785347569287885046,497204612257455876,395941137881350772,66,12/3/2021,P,0,0
141428073373837607399,990960415489185970,415123278983542339,66,12/25/2021,p,0,0
271109587171941719657,375782651770308070,378977799483137806,53,1/14/2022,P,0,0
599709594736074065844,564745992742451426,213388461245890537,60,7/6/2021,p,0,0
453039609495704481096,824824925210305379,440475588903612378,37,5/11/2022,P,0,0
729370584718781158052,286047261752186035,933442708372758039,45,1/18/2022,P,0,0
562553301315177738378,570076376615372621,925395047856131922,57,5/19/2022,p,0,0
323993946882734065380,194220469442216679,527827135999631898,30,11/10/2021,P,0,0
173056214143980013425,791070521046373690,152581389419809192,42,7/13/2021,P,0,0
425079400745850204688,676296536173755748,960166209287804004,28,12/13/2021,P,0,0
301248659179009185736,876860928766418822,109369813287546379,56,8/10/2021,P,0,0
167417121329058937047,446048716261157377,380667103793723621,8,2/19/2022,p,0,0
306404396141179625269,283983291813695692,302754867929929962,4,3/3/2022,E,0,0
098571595880173898865,482581140460263727,359270061352251305,14,9/19/2021,e,0,0
556599219738289511875,626405244154487580,447259615343474486,38,2/1/2022,P,0,0
740740477502550855373,736158202879791737,796358014909324863,53,12/31/2021,P,0,0
788559605717138686569,397107425216624362,843129606806840028,33,11/4/2021,P,0,0
946805990325082469814,084122678326490376,057461469900484276,43,11/26/2021,e,0,0
251520957251820706305,065924183111146221,432330514208611436,9,8/8/2021,p,0,0
766260599436590876896,028635098982352359,871980282851902121,38,10/24/2021,P,0,0
781604203679063943502,796243028813900383,539710325769658677,37,4/21/2022,e,0,0
651450166098483045006,128381876126184378,386965694861890437,54,6/6/2022,e,0,0
842004014828889871795,815471068617706614,502835555093810763,56,2/10/2022,P,0,0
828885199925914437308,855960391146331648,987977005619639187,44,1/12/2022,p,0,0
307857463114527098488,299021810346955708,592189955912331508,67,7/5/2021,p,0,0
847873188731699832289,453863260510935369,352151763083892693,8,7/12/2021,E,0,0
624904851690206615993,467045504542611217,592189955912331508,65,3/27/2022,E,0,0
938850481584306343321,666264664447984369,541081798869054616,53,12/19/2021,P,0,0
307586808417331736570,974520127821415446,493823389500067394,7,10/17/2021,p,0,0
192966459347308304016,518379156411213697,420248125031270459,46,1/31/2022,P,0,0
907747736844817693556,135121858450408152,527827135999631898,60,10/8/2021,P,0,0
942999277681779533615,473345705709894661,136330980956616304,42,11/27/2021,p,0,0
524358395465942812389,514928055823688161,390615814544769243,41,4/19/2022,P,0,0
923383785817376632099,465476229136662366,541081798869054616,50,1/14/2022,E,0,0
082627972565435838037,401827153787387941,844043300620835517,5,12/16/2021,P,0,0
167552615455388644639,223991249737831002,775444745915407435,56,11/6/2021,E,0,0
327900852091090094407,664805941977270717,541595565151880626,35,8/15/2021,P,0,0
255776277566075567345,199095811331216055,327560335702683172,47,7/27/2021,P,0,0
841062997182346479446,616831955788575289,492332775265782690,67,9/2/2021,P,0,0
144914942881019611773,332309563601208372,805884100431327301,26,7/19/2021,P,0,0
187420347877294985460,657262542575583767,453621062842782934,44,11/30/2021,P,0,0
669372300289609881061,214473604417890582,460277245600645507,26,7/7/2021,P,0,0
618570621885082179334,821086994507142290,087047436626913137,55,3/29/2022,P,0,0
355122106767052448257,148227595682627319,311753944891606265,30,2/10/2022,P,0,0
603493474094623205045,930278077214146341,502835555093810763,27,3/29/2022,p,0,0
992753999672371414227,926107457067193067,018790757116404838,11,1/23/2022,P,0,0
410498279927157510278,255075894572736192,724103165541173159,19,3/2/2022,P,0,0
200321845284934591890,530091606622830606,742096478622846292,57,5/22/2022,P,0,0
851803863326459872109,223399589415693439,861412324863155072,17,12/14/2021,p,0,0
955405556026970608003,171413700517366154,592189955912331508,26,6/29/2021,E,0,0
989784950074490508201,194942071925078301,344516450937186069,14,12/29/2021,p,0,0
402131633982897838278,871883914826883772,541595565151880626,63,7/9/2021,P,0,0
975170217023152608474,147399395903674869,615800539331564217,40,6/16/2021,P,0,0
050383766757763986427,410436609830346240,044672760666162701,2,12/2/2021,p,0,0
463000436981277326178,248586535334740612,543678313980433037,22,7/18/2021,P,0,0
815722597900595088635,206250775984395269,385525367762138535,17,7/15/2021,P,0,0
729621772887036239104,458794462265110672,420248125031270459,49,2/12/2022,p,0,0
722899558096814395748,913836476274580166,102120317615228291,26,4/9/2022,p,0,0
033549925996326347599,526288158316831923,532169037319123732,41,3/2/2022,E,0,0
454289000316563892862,773363784480943067,592189955912331508,18,2/19/2022,P,0,0
878694197205133818591,524727392440001007,549670819521557232,30,7/31/2021,t,0,0
953472858101721997549,033025506272309532,746646513939868105,11,3/13/2022,P,0,0
750107968567622850572,235725793930194793,843129606806840028,18,12/11/2021,P,0,0
691979536996229330814,114986552884763351,175577549064995206,39,11/5/2021,P,0,0
855917993781556828348,182688345132637324,763356621969490582,60,1/8/2022,p,0,0
091643011557466850427,238608692343546704,937280671004603767,20,10/19/2021,P,0,0
915235492443047497839,483632759049693788,324981490336520256,28,10/26/2021,P,0,0
555959969412902685501,603753259381948212,102120317615228291,6,4/20/2022,p,0,0
459672665482888483124,096074573567985753,386965694861890437,58,2/21/2022,p,0,0
850912488981419548077,007069297209218786,775444745915407435,49,11/7/2021,E,0,0
901652592176927264071,662102293578902794,352151763083892693,62,2/13/2022,p,0,0
745742754701687649854,299394466214090839,960166209287804004,4,6/10/2022,e,0,0
025335218894357481818,592835056550144227,136330980956616304,67,3/25/2022,p,0,0
361532375928398676267,389990803982846570,532802613591452823,45,2/26/2022,P,0,0
539320777891164167823,757531368627487104,544131165394859289,51,7/10/2021,P,0,0
994892862993001954081,832700082850884560,915193667348323978,48,1/3/2022,E,0,0
525754632618317609983,280361738752135961,583937366079637763,13,4/20/2022,p,0,0
937361553078191868021,401337427664948540,057517063635015433,43,7/14/2021,P,0,0
705280201268525488780,354538049624747537,453621062842782934,15,3/1/2022,E,0,0
959408189627264079894,529660991288367852,145153304033295229,13,1/25/2022,P,0,0
457644430696291254657,499712932396202012,175577549064995206,34,3/26/2022,e,0,0
048763303427362453258,264339368628155522,990931308100389003,37,3/30/2022,p,0,0
467648705939446077785,269858525561480785,261346082333196136,43,9/10/2021,p,0,0
795894067685514278347,890045622646270880,692345565548461755,46,8/16/2021,P,0,0
943253463031826457116,005133140699251734,660872005765036934,33,11/8/2021,p,0,0
755646034440711239594,916305003623267021,387574648343501580,58,8/2/2021,e,0,0
400889782284648995213,416537171369736158,891580247244704360,17,12/20/2021,P,0,0
457564317154572542908,606142686918907822,138332447764752511,49,6/21/2021,P,0,0
305957865362913296937,575667511712493830,090222527172527167,53,8/12/2021,P,0,0
886500597286659866405,372415724571493574,610795954733017861,51,5/7/2022,p,0,0
338945551347248520030,017069039788341553,931626440465544741,49,11/4/2021,P,0,0
035577260903142272474,365997828797346802,520044477517122302,38,5/7/2022,P,0,0
199752757278810348621,898213258439132163,257676669217854217,4,12/24/2021,P,0,0
829784777918263073279,956771405480755780,308574464992103292,6,4/2/2022,E,0,0
705550023547096557434,651845926538173248,615800539331564217,65,4/18/2022,p,0,0
793538495556680140158,559255939602937826,023677709645764279,38,5/14/2022,T,0,0
836808401466691315817,675852389842862754,145153304033295229,28,10/11/2021,P,0,0
872961028826043049668,369311149939634231,541595565151880626,41,1/11/2022,p,0,0
640970521081162771116,891002199537284177,021792910986169916,46,6/8/2022,P,0,0
901900307318615865373,130789798674543416,960166209287804004,5,9/23/2021,P,0,0
224561395510043995101,673709088580925838,064253291366419663,14,12/1/2021,p,0,0
832337029375130464352,892611417090369153,109369813287546379,59,9/28/2021,P,0,0
658840373509208810100,173376581559788440,925395047856131922,44,6/27/2021,P,0,0
108323675873605845126,150192516602582881,660872005765036934,63,6/9/2022,P,0,0
962013013502189891634,982410803098906202,420019659063197564,1,1/31/2022,T,0,0
732908776453212535350,736378358076376315,083703895761254959,10,5/10/2022,P,0,0
836100693710022004560,993327407461538515,535181566891217247,28,3/25/2022,P,0,0
535683093139667314031,313123492681303215,845967445505527820,53,8/11/2021,P,0,0
611611450102593288407,619937332491330224,460277245600645507,9,1/31/2022,t,0,0
134878636192828762412,316869568289587079,785333986732294879,35,11/6/2021,T,0,0
910756852577256626037,740306454139170023,901180150631278668,7,1/7/2022,p,0,0
046732521327110015623,893739925155030596,027737756713026613,3,1/5/2022,P,0,0
421611676789951847408,214548970969037885,311179467390007059,58,7/28/2021,p,0,0
307990045148161232839,481815935076956358,213388461245890537,51,8/5/2021,E,0,0
484257690282910667633,828304773066385671,528418905156666724,64,10/25/2021,P,0,0
122458846835231496893,259131222291355228,931626440465544741,23,3/4/2022,E,0,0
662695526288010906421,464762641417405336,211132070316009192,12,6/20/2021,P,0,0
765834246140848996269,511291194414072170,344516450937186069,42,12/4/2021,p,0,0
871366942310196464688,482403458994850384,657762110936984471,39,5/17/2022,P,0,0
124177441103593552741,411468351352597629,483014047884222217,52,2/20/2022,E,0,0
303906909381427568897,284574467951373328,541595565151880626,22,11/10/2021,P,0,0
910595273613567367306,695839938606492437,013897435547336084,27,9/4/2021,P,0,0
108619526917825491442,229442488947242739,541081798869054616,14,8/26/2021,P,0,0
461750288684732651615,603516153354626913,945666973437671377,19,8/10/2021,P,0,0
381262595718524649141,260564983908561607,380667103793723621,23,8/24/2021,p,0,0
877481164174031258097,479913268272903460,311179467390007059,30,2/1/2022,P,0,0
045712228039606270221,766053790000564384,377263025253483845,25,4/7/2022,P,0,0
825742570197147708339,781207175409111717,129236162275978375,11,2/24/2022,t,0,0
494958639219836666811,086965952727498727,344516450937186069,20,1/6/2022,p,0,0
011230424864818704896,889859909323878891,615800539331564217,19,8/15/2021,p,0,0
038863275825102716907,548516507952332149,483014047884222217,46,6/2/2022,p,0,0
742593502333841246021,024832812594771975,532169037319123732,33,1/26/2022,E,0,0
412473364231712354329,530573797202230490,685703553645687122,21,12/30/2021,P,0,0
086308156744701471644,801915991236086124,113733864471038990,37,10/13/2021,p,0,0
086653833862853297081,756723879004400350,775444745915407435,22,11/23/2021,P,0,0
928521140260175532234,385240706617535843,378977799483137806,38,9/28/2021,p,0,0
357711072680372853929,708306806884554175,324981490336520256,63,7/19/2021,P,0,0
221726667270456854535,516133238145295588,109369813287546379,18,2/1/2022,p,0,0
017737377252254476190,969635629630138129,657762110936984471,47,3/18/2022,e,0,0
299647751463328100206,102704326988502534,377263025253483845,54,2/3/2022,P,0,0
757192301139626437517,389025213371792617,440475588903612378,33,10/21/2021,t,0,0
722452285149099860088,643314494334157089,685703553645687122,23,3/22/2022,P,0,0
562734303542222720580,675107538408382757,054462363935356078,26,4/4/2022,p,0,0
541734213953705372951,493116265693362540,515293239396423517,49,8/31/2021,P,0,0
471108827583174431849,010841206350481116,513947481013199604,7,12/13/2021,P,0,0
141943730668477584618,321858343582636570,152520122193682432,19,5/6/2022,P,0,0
435716782980194764594,667039888615767953,746646513939868105,23,11/1/2021,p,0,0
065293367777128110895,764059164816977652,532169037319123732,24,1/29/2022,P,0,0
851128499805296933419,658150163683717880,193784455902612621,21,11/16/2021,P,0,0
489461546316874897314,246464766240635172,308574464992103292,44,7/30/2021,P,0,0
340223601862333155252,738104942487704341,847901501696185595,11,1/26/2022,p,0,0
296833554221915773446,063412591977308350,145153304033295229,30,6/3/2022,p,0,0
098930578837439205859,124190107636415253,076121959074199315,34,5/6/2022,p,0,0
165789288685584444387,381287496003141292,571276994041081534,1,5/4/2022,P,0,0
350588707590122559169,304993835238461983,311753944891606265,36,11/20/2021,P,0,0
181273796720795949204,682744468852184714,420615529375357365,30,1/26/2022,P,0,0
628974636864746859245,973524568264815712,779601255086655618,67,2/8/2022,P,0,0
315812304069969123992,299547127688315016,297450368367757096,27,5/17/2022,P,0,0
652043431342378486873,721410276910500083,771447703742675789,49,5/12/2022,P,0,0
359107753811660859695,983920269407643030,871980282851902121,9,11/12/2021,P,0,0
602320404247154934868,518590965647412860,309599740618748888,23,7/20/2021,e,0,0
088243633443745843075,172036248895246819,122889882009417476,13,11/12/2021,P,0,0
589656134610063860270,418724716854429347,054462363935356078,64,3/12/2022,P,0,0
530725464033945541527,227584529502577622,117926588371189932,65,1/16/2022,p,0,0
946163105845681298554,955026010642219438,089835951381024315,29,5/11/2022,P,0,0
907226954360949900957,012122637227166098,667790204982238820,42,12/18/2021,p,0,0
251285581080525392134,180002352936502745,843129606806840028,68,12/25/2021,P,0,0
519642868792473236904,012954176164115209,304915036165746210,37,2/3/2022,P,0,0
030500103998214487783,264628762365838545,145153304033295229,64,12/13/2021,P,0,0
639641429162213155959,651110047745062764,460277245600645507,21,4/15/2022,P,0,0
489969960228997095228,769701470151812816,327560335702683172,36,4/6/2022,e,0,0
824025922656084952190,928040488205957279,360109115707300995,57,12/31/2021,P,0,0
248877336104423629683,102763965767764396,460277245600645507,30,1/19/2022,P,0,0
544803955551312697936,004818413985066717,357794048166421059,68,12/14/2021,T,0,0
096399942014430892209,002819194757408289,754479896019830127,7,6/17/2021,p,0,0
537329134008414661926,939963669300734667,377263025253483845,36,3/15/2022,p,0,0
086792896378020869068,483514862859064315,309599740618748888,40,1/22/2022,p,0,0
129664469082372716232,227829036084560708,326936897612564925,16,12/16/2021,P,0,0
222217717749818483887,458564812812750036,915193667348323978,58,12/15/2021,P,0,0
744664274565372822395,946350086614213769,787997129661610257,40,1/21/2022,P,0,0
347800399296039038553,733876543997794400,036762059875734354,3,6/29/2021,E,0,0
160871870606135196924,588069337799150343,432330514208611436,8,3/18/2022,E,0,0
307819285219872224199,598650460315787534,615800539331564217,11,3/24/2022,E,0,0
261504341357528394288,070187265608338673,113733864471038990,67,10/4/2021,p,0,0
886350378523595820026,088174265393857579,541081798869054616,52,9/26/2021,P,0,0
158524311214105854813,447759107704813539,492332775265782690,24,3/21/2022,p,0,0
675943644214554409614,744165583877636148,917861826173659961,46,8/9/2021,p,0,0
685833839124729385840,948240975250358998,787997129661610257,62,11/12/2021,P,0,0
400310887129872675701,639357693564005499,168154608955541702,37,9/22/2021,P,0,0
729437576963628904829,335803651005851395,243349974473800631,63,6/15/2021,p,0,0
025531491747394005154,584496027025935740,517879736341105653,59,3/25/2022,P,0,0
874039476809048554971,135336043055910072,495221616046287188,18,2/26/2022,P,0,0
600304032770545556321,428714323879285754,377263025253483845,61,8/19/2021,p,0,0
803504217969225586683,955164459305953566,489386180691629760,64,3/17/2022,P,0,0
191684034258911407509,538358759651816885,057461469900484276,24,5/20/2022,P,0,0
826380951915787312216,175610870414677356,515135448026196572,5,7/23/2021,P,0,0
036428184664791803166,684118590002066260,091158633094479280,67,3/28/2022,P,0,0
181947439580876752610,702491866154461578,062448369552453657,67,10/11/2021,p,0,0
620643837250414391971,939896624124212875,517436850030277323,15,1/17/2022,e,0,0
570431306362154541627,588894068439699920,326936897612564925,26,6/29/2021,p,0,0
697057290866513699277,699478377255135415,168154608955541702,28,1/11/2022,P,0,0
053313592019199336279,422031223844313141,692345565548461755,68,5/16/2022,p,0,0
710232307351991327065,955466016268383562,472075941670469877,53,3/28/2022,P,0,0
049509026716584654014,797327823096948442,415123278983542339,60,12/11/2021,E,0,0
919982575204936245242,760981622748894674,140795170857722141,31,11/20/2021,E,0,0
661733825504575768166,504820049318138265,117926588371189932,37,12/30/2021,P,0,0
397884082401679684850,180133158833973352,933442708372758039,23,9/24/2021,P,0,0
986342508511127663483,315269189145941027,359270061352251305,29,1/12/2022,P,0,0
521167896438450871301,811191935397964851,990931308100389003,2,5/21/2022,P,0,0
789053382904397119663,324794594321749576,671622509560222977,47,3/17/2022,T,0,0
304795625342147125997,991213500697604208,044672760666162701,16,7/14/2021,p,0,0
219769215338412646386,052772176530865384,502835555093810763,59,7/26/2021,p,0,0
857025436858478159648,997481395337008705,878598310247946488,60,7/18/2021,p,0,0
764672205294273871670,140235118333174933,522219227292752038,44,11/5/2021,P,0,0
698900507707086978629,170038084195309664,378977799483137806,16,4/24/2022,e,0,0
774405794560012227964,711489837968392199,754479896019830127,66,4/27/2022,P,0,0
598685911814062281668,683589843480971371,359270061352251305,4,6/30/2021,e,0,0
797543540177199757449,639000265217862164,527827135999631898,11,3/12/2022,t,0,0
860133850874183219740,204218597239779008,818665728298554414,37,12/27/2021,e,0,0
905720272782995008732,543655577365756114,302754867929929962,4,11/28/2021,T,0,0
129396300239779801561,916173413314273689,118726947916863131,46,4/24/2022,p,0,0
338803067953265227947,483981596323214853,483014047884222217,11,8/30/2021,t,0,0
430279895537833622755,099021956694477234,327560335702683172,54,2/23/2022,T,0,0
280986024079194201720,611292956110346406,185029705088837499,66,12/21/2021,E,0,0
954759932397259717245,647556986436262661,380667103793723621,60,10/6/2021,p,0,0
932831688376487883352,641812460347145869,740816947734319288,3,3/2/2022,p,0,0
926022683659328272741,029278560045293210,657762110936984471,67,7/19/2021,p,0,0
042267155121866540311,644066665084839023,860093463928225854,42,3/12/2022,P,0,0
589925021084558926867,968955774206067402,065199803626779568,67,6/8/2022,p,0,0
030983906802079687882,207699008694037902,054462363935356078,47,3/26/2022,p,0,0
217033971024848403735,381205117628321471,152581389419809192,7,12/8/2021,p,0,0
157343116862644311198,465462908677858789,440475588903612378,3,4/2/2022,t,0,0
804814582963257374013,473241521205955218,514642806906952730,58,11/21/2021,P,0,0
921196093905297754967,292711693393798618,660872005765036934,36,12/6/2021,E,0,0
858517830054636258919,472002000070198425,428513860077342509,2,9/16/2021,P,0,0
187673421913002349805,682349349564301162,504472641142553689,18,3/12/2022,P,0,0
332655319326667777117,998720294981906792,091158633094479280,5,11/21/2021,p,0,0
302607963277197376913,292105278482187553,027737756713026613,42,3/23/2022,p,0,0
059865978334459216401,918675273742751562,714828745900215104,47,9/26/2021,P,0,0
079007665881261013513,642912171409809847,138332447764752511,49,3/10/2022,P,0,0
734225466441974301929,927742832493151281,592189955912331508,5,6/23/2021,P,0,0
118291996813572105345,812203772133773454,514642806906952730,5,9/17/2021,P,0,0
992663632467494358105,094459597860871557,342001241880229592,14,12/22/2021,P,0,0
260283079759182623828,377973699400724131,148079562732391755,21,4/13/2022,E,0,0
148317569314235756213,628614783661990458,785333986732294879,26,8/14/2021,p,0,0
392491412143697323706,426130523374926234,185029705088837499,39,7/18/2021,P,0,0
387892883848739915557,663405631936074324,344541757726526183,30,3/24/2022,E,0,0
256594881616692020223,756412280473866093,208744574990517575,24,10/17/2021,E,0,0
712637116067489212966,210480590698176402,520044477517122302,26,8/12/2021,P,0,0
550249842709214310561,502844626164002811,378325915185034401,36,6/26/2021,p,0,0
537457695683192735861,334693664906433242,724103165541173159,4,4/23/2022,p,0,0
102567860745302731915,534096062856321465,701211478045007603,1,6/21/2021,p,0,0
264474522438761718883,840796562315668493,773464406523353254,52,8/29/2021,P,0,0
967211317532711245984,729265204960161754,311179467390007059,52,1/28/2022,P,0,0
889303830122102168440,380410672300041219,515293239396423517,23,1/6/2022,P,0,0
930812652995786623429,308354778568029406,385525367762138535,19,3/8/2022,P,0,0
166263617704077550506,493185289172952449,843129606806840028,16,9/11/2021,p,0,0
597217635671242515649,325058952763340783,520044477517122302,18,1/3/2022,p,0,0
927660010202298408215,027299236039529055,357794048166421059,33,4/15/2022,p,0,0
102486380465601352811,885003070363728932,083703895761254959,51,9/18/2021,t,0,0
212701280408530233445,710597396648208767,615800539331564217,65,2/21/2022,p,0,0
910284773420499657745,146444287303870785,785333986732294879,1,12/26/2021,T,0,0
430822870852756561658,637330285218401227,385116684572082452,65,11/13/2021,p,0,0
082040147579004453549,394536554207656258,395941137881350772,37,4/23/2022,P,0,0
032477649134081413549,763495996430682735,098374640047920046,64,11/18/2021,T,0,0
026021806590654909262,621957194299547641,515135448026196572,39,11/16/2021,P,0,0
780988175454044092157,626543837969034599,064253291366419663,63,6/7/2022,T,0,0
952243206511139955106,066680141712154449,492332775265782690,49,5/12/2022,p,0,0
397515851186794770807,231919448426203551,344541757726526183,68,9/9/2021,e,0,0
706052916729762762740,903933420918049242,701211478045007603,26,11/26/2021,P,0,0
324598259743923759445,692164398661878223,167739475930761500,14,3/12/2022,p,0,0
950224589929763203195,335913550206033733,863055454603315282,35,9/2/2021,P,0,0
871952524565125472800,352386093388185147,075130605545988622,35,7/17/2021,P,0,0
873929329216637613128,533310324477211227,383011676312433704,6,11/17/2021,p,0,0
701951288136211279625,490227080534894374,153488473585819280,60,9/29/2021,P,0,0
590770422142475093594,930526552643327260,541081798869054616,44,3/21/2022,p,0,0
266187001925753424479,599272870661667479,243349974473800631,16,7/15/2021,P,0,0
067099025446457169811,180553622755837590,583937366079637763,39,5/9/2022,T,0,0
087204839559537044304,255592255385338974,352151763083892693,27,1/9/2022,P,0,0
267150212106285849341,504355379104368319,740816947734319288,63,8/27/2021,T,0,0
263806508734166474469,112077883033998669,117926588371189932,19,4/5/2022,p,0,0
959957259615763712074,612470184459919945,588794858474119633,64,11/2/2021,P,0,0
067008676848518545607,359913148978050194,924066185498471412,42,2/24/2022,P,0,0
175487408073629553336,331212864268441579,052885239021925858,26,2/12/2022,E,0,0
373628356327620534702,549279362875573056,871627460626339527,40,6/13/2022,P,0,0
832033441525931482672,113254340453682907,023742442123303857,4,10/15/2021,P,0,0
360230705084952249471,827441407578750324,036762059875734354,43,10/20/2021,P,0,0
055977028521296650530,604217871498037448,117926588371189932,22,12/29/2021,p,0,0
879145664376512343524,657602701343874268,196791888813025563,2,5/20/2022,P,0,0
562207702822971894153,960981898568742685,083703895761254959,54,3/10/2022,P,0,0
622631724833975289788,234970078917109377,844782026599584828,30,8/10/2021,E,0,0
225655655657639923128,252136141014851367,311753944891606265,53,10/9/2021,e,0,0
974932652028449863721,017055137734847453,994595984919168144,53,9/18/2021,P,0,0
333533840235759355553,945005756563807195,091158633094479280,38,10/21/2021,P,0,0
956657268258510695660,415352587117472302,924066185498471412,33,8/17/2021,E,0,0
252654436151530401019,317689796866814840,875713773126936651,39,9/21/2021,T,0,0
005269117432685172865,250148764924921734,387574648343501580,65,9/8/2021,p,0,0
500754055689253909015,497634929810579093,385116684572082452,21,12/19/2021,P,0,0
162844719483434951325,975257452224273789,083703895761254959,43,8/4/2021,e,0,0
216875167120223797137,197192294331760525,871627460626339527,1,1/24/2022,P,0,0
772509507687738738257,764349917361248009,120492572696262600,22,8/30/2021,E,0,0
081287192345926885735,098919860248362648,985904807559848415,65,4/24/2022,p,0,0
373590509190977440043,632767359671064448,385116684572082452,44,5/30/2022,E,0,0
538324424667449267201,050826094594166236,179190806493681668,63,6/4/2022,P,0,0
560508137037662225056,785932158218054763,415123278983542339,16,2/27/2022,e,0,0
188764984543865696333,005398282248423079,515293239396423517,57,8/13/2021,E,0,0
417607620028110186060,363590162626420727,925395047856131922,13,12/17/2021,p,0,0
921175178081721033171,257578967902151832,454382213448482759,6,2/23/2022,P,0,0
577201625668834949215,443626171742876439,515293239396423517,18,8/26/2021,p,0,0
963572698639885610556,056329385041600281,269398382534379129,59,1/17/2022,P,0,0
314809135756074526275,992896579111892269,843129606806840028,59,10/27/2021,P,0,0
722982764100694317518,470916033555545489,257676669217854217,18,8/13/2021,P,0,0
523237454075807557466,022486014830078562,540180260734197095,68,6/25/2021,E,0,0
068280844569984019245,726121620967453457,269398382534379129,32,9/29/2021,P,0,0
102273170402329905952,827702123090591755,052885239021925858,22,6/1/2022,E,0,0
684531070609743148508,999949117412746070,915193667348323978,45,2/25/2022,p,0,0
045436996353431010094,610330837305854985,448852880252873659,32,2/26/2022,E,0,0
511414378636339369600,051340872090414727,062103542629566568,23,5/31/2022,P,0,0
507098498462723673633,711052698513221974,065199803626779568,65,11/9/2021,P,0,0
116038696830250927678,058979579042459152,428513860077342509,23,7/8/2021,E,0,0
700568482817449545835,608105128800290330,153488473585819280,17,8/20/2021,P,0,0
262351804294627233085,881552921104008185,818665728298554414,38,1/26/2022,p,0,0
476480914316736678728,667362956921291042,075950778604765769,59,4/25/2022,p,0,0
467128648098990904819,219235731054436497,138332447764752511,16,3/28/2022,P,0,0
687196719601868752199,890555415957392273,891580247244704360,29,10/17/2021,t,0,0
684747311930973354870,613857785467598240,950176014295785412,4,9/3/2021,P,0,0
268292445388386208760,933722299267004048,269398382534379129,27,3/26/2022,P,0,0
518209461129463179314,965786777494395801,091158633094479280,11,12/8/2021,p,0,0
457627835541299363110,342098903993498371,539710325769658677,47,3/26/2022,P,0,0
434488883275002479593,684815625766743337,671622509560222977,20,6/28/2021,P,0,0
617764469804561266875,129493614140248287,489386180691629760,67,11/15/2021,T,0,0
584985237491809197763,978690786665722233,805884100431327301,6,2/17/2022,p,0,0
822115071395632134104,023400374027743967,129236162275978375,6,10/19/2021,P,0,0
292100156940787857762,009986549072777418,863055454603315282,65,12/16/2021,p,0,0
603723024186041050747,412851004961017879,763356621969490582,62,4/22/2022,p,0,0
574098065565511982980,853552696165674684,352151763083892693,25,5/15/2022,p,0,0
907808221951452304470,573981533231122302,326936897612564925,53,3/13/2022,p,0,0
257953875786189790164,095999944972804839,271716254331051274,43,5/16/2022,p,0,0
278530178146011969106,590877068470581657,583937366079637763,64,11/1/2021,e,0,0
570773455844267074478,173109545138611031,746646513939868105,68,7/3/2021,T,0,0
824800788465181605068,159984860875358500,420248125031270459,55,4/25/2022,E,0,0
137158578923911750164,452130147080075781,027737756713026613,49,5/16/2022,P,0,0
981531171030531096560,544782376741068921,348994295765937354,65,3/24/2022,E,0,0
342794307322485185830,287918552305060376,985904807559848415,13,7/20/2021,E,0,0
241374899053034993068,096222527640151256,517879736341105653,64,10/14/2021,E,0,0
759949508991700517516,020104750576223121,213388461245890537,17,9/20/2021,p,0,0
046593014975268684196,810684733292464529,527827135999631898,51,3/30/2022,P,0,0
748641553818932359544,891057026874438044,594735472280395759,15,6/6/2022,t,0,0
623711358538236716040,410320648414837435,588794858474119633,2,12/30/2021,p,0,0
776375491366472087413,121328957491334420,420019659063197564,35,11/12/2021,P,0,0
101260365871358249971,466402067561821421,309599740618748888,46,5/28/2022,P,0,0
532632331234077057000,816675235674528012,541081798869054616,16,5/4/2022,p,0,0
218698515867546680173,758364989464276972,517436850030277323,12,12/23/2021,E,0,0
246933941249773873339,968014068302230768,731822950757694803,9,7/13/2021,p,0,0
589759479596600358018,108283533625877677,990931308100389003,39,11/18/2021,P,0,0
284864632254464290932,323873265466325194,844782026599584828,48,3/26/2022,p,0,0
592624139340732357654,769192170644345195,196791888813025563,49,10/17/2021,p,0,0
864278509999244212531,869794669844939647,144124290840349250,52,5/19/2022,P,0,0
815543907348882716242,001722246313694836,125108462355237021,58,2/12/2022,E,0,0
485961183190063869703,069512222135477025,122889882009417476,55,4/12/2022,P,0,0
449857022478101100660,238142423596373318,805884100431327301,59,1/28/2022,T,0,0
472129507355676515757,951720930081797714,860093463928225854,43,12/26/2021,p,0,0
482439868924171708107,038085327647933740,976815172012319573,30,8/8/2021,P,0,0
919218305647572849943,863786785603392078,460277245600645507,60,5/26/2022,e,0,0
744145606953110730287,037910448163437008,420248125031270459,28,11/1/2021,P,0,0
328122099796221912781,519503040372991498,311753944891606265,40,3/12/2022,P,0,0
689136119791334370557,802910226080027783,420019659063197564,47,11/21/2021,t,0,0
410154383256897153843,626538882630648563,472075941670469877,4,11/12/2021,p,0,0
778330928898628654970,785858820562366225,344516450937186069,54,12/28/2021,P,0,0
178656894022317572454,993477574923334749,454382213448482759,54,10/22/2021,T,0,0
879702086948593892607,349691742435683032,140795170857722141,29,5/18/2022,P,0,0
738128205879918135602,366897940087956804,189068519748623661,6,12/6/2021,P,0,0
128282517164329103861,207228072857608837,098374640047920046,14,1/15/2022,p,0,0
810248040109851639622,773842789950702324,385116684572082452,11,8/24/2021,E,0,0
362595616606737382200,815988153808946010,046180259037335294,7,10/4/2021,p,0,0
677996091535555884392,074387422323957536,090222527172527167,44,5/13/2022,T,0,0
904001674311576781863,631965166392473389,344516450937186069,35,7/15/2021,p,0,0
601190999484900536290,027712752872078910,610795954733017861,58,4/28/2022,P,0,0
459463374601448932706,926229880862597901,090222527172527167,55,4/3/2022,P,0,0
758869967266757985768,330944457704506658,514642806906952730,4,3/14/2022,e,0,0
982597746475202709095,855933245387787594,495221616046287188,67,2/9/2022,P,0,0
355767613430351746294,478243181988777977,766206535131856458,59,9/28/2021,E,0,0
265999395807687178617,740609527491524248,120492572696262600,41,12/28/2021,P,0,0
979011543204165479419,164292835666115320,528418905156666724,22,7/15/2021,p,0,0
935098277010407085583,381074270731079775,955007606276397648,32,12/7/2021,p,0,0
189978504919472452236,407122648950276378,489386180691629760,66,3/9/2022,T,0,0
338716056008910260015,948453699363096159,057461469900484276,18,3/6/2022,p,0,0
993049306993715888672,028544614948959941,076121959074199315,45,11/7/2021,p,0,0
605258493236527264066,709526578096454601,844782026599584828,60,4/4/2022,P,0,0
718462448291970027178,384112438697327336,476155990216741962,52,1/29/2022,p,0,0
539326658125562896166,505513356534554004,428513860077342509,37,3/13/2022,e,0,0
954517872360023171287,559993927999226339,740816947734319288,29,5/8/2022,P,0,0
175624330909320101990,013599136624578585,924066185498471412,4,3/15/2022,P,0,0
619656805172121567559,267433810978087504,884062358104857221,27,2/18/2022,E,0,0
926281700048220471341,497161876889485217,539710325769658677,40,8/6/2021,P,0,0
363732556020494326471,232451994633078043,308574464992103292,34,12/19/2021,p,0,0
645063543120359379206,157409318189515719,138332447764752511,54,2/18/2022,p,0,0
975947208644892645973,605905630371316555,432330514208611436,29,3/20/2022,t,0,0
385035437889868072775,598225356667550129,901180150631278668,24,1/21/2022,p,0,0
926848978877238725722,614763544364323301,520044477517122302,21,12/13/2021,p,0,0
368552858129787984774,839391724039964113,994595984919168144,14,1/8/2022,p,0,0
777893112858462465017,858850069086174750,440475588903612378,44,12/29/2021,e,0,0
063464565989867197607,279987755762162777,871627460626339527,65,1/4/2022,P,0,0
710183791756614750071,454877161107253708,847901501696185595,2,8/30/2021,p,0,0
415590174528648207226,039763833341392864,483014047884222217,38,6/23/2021,p,0,0
330669598672319112746,023045052983265049,344087628882667383,65,2/9/2022,p,0,0
268321294854760715216,886187786763447997,990931308100389003,58,5/25/2022,P,0,0
416669715747694239569,966900526449704995,098374640047920046,25,5/28/2022,p,0,0
026999372120678809116,494197645197895795,387574648343501580,37,3/23/2022,P,0,0
772046893983778350562,667961735531117332,309230583445986942,51,2/5/2022,p,0,0
056900350285217614441,210625806234979637,197808567450133225,7,1/26/2022,p,0,0
228258983934482520713,623021086457782260,492332775265782690,17,6/22/2021,e,0,0
089844220667435376199,148978558815221146,667790204982238820,33,1/21/2022,p,0,0
139087851085379567409,245282731287218510,264788040898803102,26,12/13/2021,p,0,0
727694867022677390436,547455060226293322,461696336013127527,44,3/6/2022,P,0,0
373256515072346154658,377869732399086318,945666973437671377,8,9/22/2021,P,0,0
069895736990491054197,208130289030658610,861412324863155072,25,12/30/2021,P,0,0
179507679765172335275,802201275120189076,378325915185034401,31,6/18/2021,P,0,0
972598293462836404527,721685754807268494,492332775265782690,15,7/2/2021,P,0,0
877560824636727291231,776720511135187575,167739475930761500,29,4/6/2022,E,0,0
171846112537959274582,302711330022065769,448852880252873659,24,4/19/2022,p,0,0
962430324804474159512,125491804752825534,029591109000265420,59,3/24/2022,P,0,0
913177112926082081385,511487600492981837,875713773126936651,23,3/8/2022,P,0,0
097357124645621870738,841323385309484561,021792910986169916,25,8/16/2021,e,0,0
684686788810946311220,420959604157777069,408738656096088852,39,8/14/2021,P,0,0
260670748160128994544,060751729841310488,875713773126936651,7,9/7/2021,P,0,0
468935614977580797844,834189727527579360,168154608955541702,51,11/14/2021,P,0,0
562950374088169849840,954506796639271046,122889882009417476,56,3/17/2022,P,0,0
932300375227775136287,812032287052183458,863055454603315282,19,4/12/2022,p,0,0
865020062913376309599,092473067823877960,013897435547336084,17,1/17/2022,P,0,0
976478414160612213394,413496669870013783,517879736341105653,34,4/27/2022,E,0,0
925898532682267231728,916172242269652957,196791888813025563,57,4/7/2022,P,0,0
464771165473938218111,850756947249291779,029931612687243328,12,5/5/2022,P,0,0
988708297488086179904,098228771291980092,843129606806840028,6,5/4/2022,E,0,0
886662200136508584108,580521937446481950,377263025253483845,39,5/31/2022,p,0,0
829243420619343212663,801081485037733026,950176014295785412,68,8/7/2021,P,0,0
161411586341194651110,293666585249464288,054462363935356078,44,7/13/2021,p,0,0
960345721528501889251,814611454780058974,448852880252873659,6,10/6/2021,P,0,0
727651072896490120254,384946397739086058,193784455902612621,57,3/12/2022,E,0,0
780056401775891078693,539332679209936491,667790204982238820,44,3/20/2022,p,0,0
300848470777671468300,498937293746987333,185029705088837499,8,8/30/2021,P,0,0
096936548817132399602,703520753424879170,075950778604765769,63,4/7/2022,P,0,0
116464671663349490918,643461955895258941,300509490687551987,56,11/30/2021,P,0,0
186948333849586325973,995091147710442429,953319111393412266,32,1/16/2022,P,0,0
689643745696197186919,288860952697494778,153488473585819280,23,12/24/2021,e,0,0
730556383739433833892,218939309680398331,440475588903612378,38,6/5/2022,P,0,0
804227495464495643971,196136672170950986,515293239396423517,39,3/16/2022,E,0,0
945203986329012709880,821282500349123323,129236162275978375,13,1/17/2022,P,0,0
150359561168247575131,749837260987421573,091158633094479280,36,10/30/2021,p,0,0
393436661144814548181,743824921049499346,144124290840349250,18,12/8/2021,P,0,0
173544967642519979147,305392379026962625,062103542629566568,56,6/17/2021,p,0,0
044625933329605723056,238021448360431471,125108462355237021,49,2/10/2022,P,0,0
994614744902885886168,174634780422914180,871627460626339527,65,3/17/2022,p,0,0
470224845478719261715,402165265205629112,521574668673847268,56,9/12/2021,p,0,0
710056862491756433349,319589423518582315,724103165541173159,20,1/21/2022,P,0,0
235009164760623102965,265570282501551682,950176014295785412,12,9/16/2021,p,0,0
516526229926963082414,206930511061749648,667790204982238820,49,3/9/2022,P,0,0
999729072171462074652,881641650982046469,610795954733017861,22,9/29/2021,p,0,0
518152411560505701996,536762365074872584,976815172012319573,4,11/9/2021,P,0,0
249800921911481338639,765694015394619920,057517063635015433,62,6/13/2022,P,0,0
318607400673724330261,818128991530851699,141632531869116643,37,10/26/2021,p,0,0
932900788579721724120,458527764830979103,955007606276397648,19,6/25/2021,P,0,0
796934503017822328136,739469200303367894,871627460626339527,27,11/17/2021,P,0,0
392601464580768057090,957190433832703095,742096478622846292,8,4/13/2022,E,0,0
867593813394309792308,340102205807062360,493823389500067394,7,4/20/2022,t,0,0
509226276388833618002,495788352297660729,234536169042078323,14,10/30/2021,T,0,0
246527745261386841261,296535033457794783,775444745915407435,45,12/20/2021,p,0,0
453050219387491062617,374245818223114204,075950778604765769,62,9/21/2021,t,0,0
939056347107540453677,565685096234237672,745523898305305456,60,1/29/2022,E,0,0
123080346374341378529,347666704444305317,304915036165746210,31,9/16/2021,P,0,0
476584228930498770783,293453150281035961,871980282851902121,43,5/15/2022,P,0,0
472776225537210245682,108803483783304913,493823389500067394,63,2/7/2022,p,0,0
508646489801410253700,625931022459423088,618281783131364326,9,7/19/2021,E,0,0
467263943733477951122,623567094568220001,757327695626912897,62,5/31/2022,e,0,0
128538266425103054947,200492773527785011,541081798869054616,28,10/13/2021,P,0,0
852324696197381704740,635895015881394137,021792910986169916,48,8/2/2021,P,0,0
043084211495460368470,139763249395079297,027737756713026613,30,6/22/2021,P,0,0
028519039727514042990,098875508486424629,960166209287804004,18,10/8/2021,p,0,0
138385216592752395949,362876145152681995,380667103793723621,66,2/5/2022,E,0,0
882649559537384545537,674808671054601211,138332447764752511,5,5/8/2022,P,0,0
756931340285220529341,956137679138093935,324981490336520256,42,4/15/2022,P,0,0
510442306672853767863,636354416409675880,185029705088837499,52,10/31/2021,p,0,0
424637981316008131644,236401277626564122,302754867929929962,49,2/28/2022,P,0,0
331390151686757723638,644769689453600178,520044477517122302,41,6/23/2021,P,0,0
192146986865932817232,446987378079808372,091158633094479280,39,12/1/2021,P,0,0
354426765472762039821,888828048155132924,935458276246156041,37,10/17/2021,P,0,0
680857436815309044264,108766654925888735,994595984919168144,24,3/22/2022,P,0,0
270776050593810692808,861383902416221544,584197178738805406,44,8/11/2021,p,0,0
822711892783377216608,905283886634444977,243349974473800631,28,5/5/2022,P,0,0
696969163857888719280,305237495467820963,615800539331564217,9,9/4/2021,P,0,0
011848017692034824907,965959199614868311,141632531869116643,53,12/11/2021,p,0,0
026959935154750300967,660769656647911826,078975328080032529,14,4/7/2022,P,0,0
932255235530096082656,034934650245775052,359270061352251305,3,10/16/2021,p,0,0
179579310719151319003,599462154971988296,647617208995675686,15,4/18/2022,P,0,0
215341003366809431436,846826932927144783,348994295765937354,14,9/7/2021,E,0,0
412467016984774517044,169215209716322429,118726947916863131,37,2/24/2022,p,0,0
569030134363669009798,756674602187913140,785333986732294879,43,5/24/2022,p,0,0
681978559162133071509,388540321142903686,771447703742675789,63,11/20/2021,p,0,0
153362699132362766324,102095485598578933,144124290840349250,12,6/25/2021,P,0,0
147759034739437159841,295964574651689714,667790204982238820,25,7/22/2021,P,0,0
189446128839035378489,049545731873624774,844782026599584828,68,2/4/2022,p,0,0
091754857437521915504,944594356519238225,213388461245890537,5,7/13/2021,P,0,0
091851521738834579865,210007450765387992,152520122193682432,25,12/5/2021,E,0,0
385593402306784619696,983403451933821336,171085894932803458,7,9/29/2021,p,0,0
098592372689438920474,645365879561862377,029931612687243328,39,6/22/2021,P,0,0
943345873803250973457,722154197455452229,514642806906952730,21,7/28/2021,E,0,0
442327241755675737273,567682703139623613,531202966869552006,62,2/26/2022,P,0,0
359616748080620684282,522254096617295615,950176014295785412,12,11/12/2021,P,0,0
473266568521104423036,314309688372455264,544131165394859289,53,4/17/2022,P,0,0
577388890562681337105,436265315895774585,796358014909324863,20,1/12/2022,p,0,0
481257931042508082918,574099124320987975,504472641142553689,1,9/10/2021,P,0,0
028956191318810192442,632788569473050777,667790204982238820,26,11/2/2021,t,0,0
024898331103404036555,080308286729556568,540180260734197095,61,10/29/2021,P,0,0
144860374137148043373,743671525576139497,527827135999631898,34,11/5/2021,P,0,0
641248016265385328337,133722523813686676,211132070316009192,36,1/1/2022,P,0,0
079524475004447512780,592721195730618445,461696336013127527,63,1/11/2022,P,0,0
279837482625945596783,525352762525523640,796358014909324863,43,4/5/2022,P,0,0
053436434738215323290,762986915095623725,742096478622846292,30,9/7/2021,E,0,0
531491536781050988343,530851398970605344,771447703742675789,65,9/4/2021,P,0,0
062039378607407305092,486794096470426626,185029705088837499,46,3/15/2022,p,0,0
944437236034223283135,132628987489818300,348994295765937354,67,3/2/2022,E,0,0
581134497873554196397,901454233587421378,860093463928225854,27,10/20/2021,p,0,0
130461515425866797564,199700802564270973,869340934625397181,38,4/7/2022,P,0,0
573735619083172896138,243863461544718740,931626440465544741,16,3/15/2022,P,0,0
539410072505142465038,187253950877964927,091158633094479280,6,6/18/2021,P,0,0
528837810112996967374,461415923897859739,044672760666162701,41,6/8/2022,P,0,0
615241511301549149212,356890757405777291,701211478045007603,4,10/10/2021,P,0,0
173534447622102555941,305399056264177354,990931308100389003,65,5/18/2022,E,0,0
639407827748249602509,326717206356145278,742096478622846292,9,2/9/2022,P,0,0
707012527641604317562,978012446254369541,141632531869116643,43,10/29/2021,p,0,0
988659188709053168449,800363324203235147,515293239396423517,8,12/31/2021,p,0,0
557004905997893673144,983543882995414048,522219227292752038,13,5/21/2022,P,0,0
155353597209840996631,525173647114999102,884062358104857221,43,6/3/2022,P,0,0
918759763435562706847,345136879652755210,787997129661610257,48,3/21/2022,E,0,0
319765721199743386013,932174264926965015,023677709645764279,38,8/20/2021,E,0,0
971167103016591261056,024736773743270695,197808567450133225,63,9/29/2021,P,0,0
591999692450422044534,782875110370774806,420615529375357365,41,4/2/2022,p,0,0
973089980332495466096,180034259495888390,626578520638216345,62,11/6/2021,p,0,0
440580933321548044653,376968736542621449,971357427518005972,22,1/11/2022,E,0,0
069020873859798257683,844919615623015922,843129606806840028,29,1/6/2022,P,0,0
934093192624950455925,108462205560913773,540180260734197095,28,9/26/2021,p,0,0
848237595715243320801,530528203905092423,543678313980433037,57,9/16/2021,p,0,0
440383282523935416322,843414059996555890,120492572696262600,67,7/28/2021,P,0,0
185037229290099099965,062133103570020962,818665728298554414,45,8/26/2021,P,0,0
506984832252290391932,459857609461233521,805884100431327301,44,4/3/2022,e,0,0
007812711591738067041,086241006619540496,994595984919168144,36,7/23/2021,P,0,0
438698646896932784137,378181177035040141,109369813287546379,47,1/1/2022,p,0,0
240647394856399724611,177570764445252332,046180259037335294,23,5/24/2022,p,0,0
399191392565725528837,545498205540846967,746646513939868105,26,10/17/2021,P,0,0
762035564623559973060,666565591106644661,321029389880617896,47,6/28/2021,P,0,0
007974938379992358316,414125585857395520,740816947734319288,65,3/3/2022,E,0,0
098226405947092418108,143176987113290329,847901501696185595,33,2/2/2022,P,0,0
553724419197194961927,578494784456371632,257676669217854217,55,12/25/2021,P,0,0
506883366634515373170,400581227253391205,420019659063197564,55,8/28/2021,e,0,0
466079675640421720344,759499713251991154,261346082333196136,36,5/30/2022,E,0,0
916213147269224346554,382984063300342537,125108462355237021,47,5/1/2022,P,0,0
513329683955086326523,875543667974934133,517436850030277323,3,2/5/2022,e,0,0
576472611766283433350,303434317237705141,054462363935356078,48,8/31/2021,T,0,0
748380554096989147192,927327282069373587,483014047884222217,34,12/5/2021,P,0,0
745906090157924627734,141667743274640887,050075599222133561,11,12/31/2021,p,0,0
346065479396817579797,524651081626953935,875713773126936651,53,1/9/2022,P,0,0
012769691465848976578,240357928014340986,754479896019830127,11,6/8/2022,P,0,0
429099068761300570606,623948655632895832,075130605545988622,35,5/31/2022,P,0,0
838458511907874854003,531112428344722259,878598310247946488,9,3/13/2022,P,0,0
390847467717943658266,490293049763489514,064253291366419663,19,8/12/2021,p,0,0
283872090520484680743,000979245124586468,387574648343501580,50,9/18/2021,t,0,0
738665337828824478664,617471663046924759,746646513939868105,46,6/8/2022,P,0,0
666640833079716760419,006280723513247346,493823389500067394,63,10/21/2021,P,0,0
620709976691012858129,130712507404983119,168154608955541702,2,12/9/2021,p,0,0
033018040334521902495,781046585994501219,243349974473800631,64,3/4/2022,P,0,0
703090167303410137660,184000178438639713,476155990216741962,6,4/16/2022,p,0,0
858122645918748017914,467544584826053964,122889882009417476,5,11/14/2021,e,0,0
467162927756465005151,633529008579357142,976815172012319573,28,7/3/2021,p,0,0
742466192142795712427,285989604538440919,440475588903612378,29,7/22/2021,P,0,0
424252369810640286400,371078033350716094,144124290840349250,62,9/9/2021,T,0,0
441846519022143112772,136422686776465569,522219227292752038,33,9/28/2021,P,0,0
897161893608556664677,861995443692855535,062448369552453657,31,8/26/2021,E,0,0
219161198261622015052,753096834957139029,102120317615228291,27,9/4/2021,p,0,0
268354275964577054575,138988217247135902,844043300620835517,17,12/26/2021,P,0,0
521162747711243952824,890405122802491401,057517063635015433,9,10/14/2021,p,0,0
200340905720673588770,371539877549581254,714828745900215104,66,10/7/2021,P,0,0
049670628368168270500,283610019782947806,796358014909324863,64,3/6/2022,E,0,0
012140493011953532622,358488154225697382,360109115707300995,57,12/1/2021,P,0,0
054969117718978964362,835115962769582408,125108462355237021,35,8/22/2021,P,0,0
086257532544283553836,558013546780765421,065199803626779568,21,2/18/2022,P,0,0
717141162863223641781,058897326169827655,671622509560222977,52,5/21/2022,E,0,0
169740107540264724179,013520326749288942,779601255086655618,14,5/9/2022,P,0,0
493478418947721445503,451815481509114857,915193667348323978,18,2/3/2022,T,0,0
851334968600975254689,107948676130611276,528418905156666724,8,3/4/2022,T,0,0
986545583200943918545,359906302605011825,766206535131856458,16,10/6/2021,p,0,0
731553187424720874244,285875734086790134,062103542629566568,26,10/9/2021,E,0,0
240296106756547270013,218106156982611824,971357427518005972,65,11/16/2021,P,0,0
744453582111565561196,960202887764120053,136599312153672648,43,7/9/2021,P,0,0
196942617114101900315,757704224733007456,062448369552453657,14,12/31/2021,P,0,0
929416615657602379789,477242060789323109,740816947734319288,68,7/8/2021,P,0,0
037255216667074415466,822671308143921110,148079562732391755,16,1/17/2022,e,0,0
125943739019233721048,061130632322994494,669734616758270738,14,7/18/2021,E,0,0
590452125744408916003,249521917724572683,023742442123303857,26,10/18/2021,E,0,0
454837113210424488036,081296075142258882,618281783131364326,6,9/1/2021,P,0,0
269965812535886148746,862809220800101985,297450368367757096,11,4/21/2022,E,0,0
319589842653453514696,903127579497844885,660872005765036934,21,6/10/2022,P,0,0
820991418379357772840,266848478888518897,378977799483137806,42,9/8/2021,P,0,0
488752832950211739118,450855431066342964,901180150631278668,62,5/23/2022,P,0,0
625971480195238620335,834402321747152644,740816947734319288,11,11/6/2021,E,0,0
501615779198042296969,840879548978612148,917861826173659961,41,4/7/2022,p,0,0
504140436460070140629,856701851041223811,324981490336520256,7,6/8/2022,P,0,0
840756034757247904111,291660977811103631,089835951381024315,12,4/25/2022,p,0,0
464272460645172880202,715307813465132359,036762059875734354,33,10/12/2021,P,0,0
206013615529113943628,321579569715960782,663187033213477050,21,1/24/2022,P,0,0
916328831481461171797,619031944785536655,701211478045007603,25,12/30/2021,P,0,0
046168907652373499975,227116325710954469,515135448026196572,2,12/17/2021,P,0,0
498699543692212078640,542853340840627564,029931612687243328,3,7/29/2021,P,0,0
443946715843934633822,767076288196162095,787997129661610257,20,9/5/2021,E,0,0
562639906777322629113,073200997109986033,712792799433082702,36,6/12/2022,e,0,0
589297270552471731648,763660535228932468,549670819521557232,38,8/28/2021,P,0,0
229337506639337655402,630439060380908726,994595984919168144,10,4/28/2022,p,0,0
836284250903620640406,608945454347835246,493823389500067394,41,12/4/2021,P,0,0
158844866216664507658,984855584342552463,714828745900215104,64,6/27/2021,p,0,0
334303128603314623837,438659222970683978,594735472280395759,64,5/29/2022,P,0,0
586810281958635165185,598916588761457557,120492572696262600,31,8/14/2021,P,0,0
138743675875205902063,340329779527003411,052885239021925858,40,8/19/2021,P,0,0
438303043781222265311,980539598810478370,924066185498471412,5,5/24/2022,P,0,0
933831765283087555449,656938263764755318,304915036165746210,16,5/13/2022,p,0,0
506247323748205171854,479174711490178340,057517063635015433,31,8/24/2021,P,0,0
992024694470305966425,782231290970584353,264099426424307010,27,7/15/2021,p,0,0
599540346693973667739,392217813805693113,175577549064995206,68,4/1/2022,e,0,0
923712568564650694561,342350216282562777,360109115707300995,5,3/30/2022,p,0,0
549454512719578862101,918638430005418761,257676669217854217,4,3/4/2022,P,0,0
767114091256033367637,815673289894941836,278364300286363528,37,6/8/2022,p,0,0
953968162776806629133,133873356253318522,785333986732294879,12,3/31/2022,p,0,0
147336180198635324619,575314947317794975,380667103793723621,23,10/23/2021,P,0,0
261778746025472238378,061398118516797629,531202966869552006,24,8/4/2021,p,0,0
686571729759625708844,801648600760393978,098374640047920046,31,12/4/2021,p,0,0
004964236958436220844,195899000664996867,408738656096088852,66,1/29/2022,E,0,0
240785914374991224511,002074617253627235,089835951381024315,46,10/24/2021,t,0,0
663627761099487982053,552041526952713467,052885239021925858,19,10/18/2021,p,0,0
915688356145779474991,357333170946684739,311179467390007059,47,10/11/2021,p,0,0
063679540945789574719,271600361935041081,489386180691629760,66,7/27/2021,p,0,0
009032247873870443139,406332271921310991,021792910986169916,28,4/26/2022,P,0,0
727043439520729973927,812145115621786586,179190806493681668,39,5/20/2022,p,0,0
603877226560749036010,615260328030044345,378325915185034401,39,6/20/2021,P,0,0
268900121379538801726,623178436918008782,990931308100389003,36,7/20/2021,P,0,0
631855299962104683193,041039204533464295,845967445505527820,33,9/1/2021,E,0,0
156679926901485875534,366846461737654779,584197178738805406,31,6/26/2021,p,0,0
702241840403759754749,899069376794881426,483014047884222217,17,10/30/2021,e,0,0
263664679756484302172,580148219865291994,309599740618748888,18,1/5/2022,P,0,0
466588022848618590722,315211575484016999,408738656096088852,15,9/14/2021,P,0,0
274302997919372350728,344345584941297316,175577549064995206,14,3/25/2022,P,0,0
056268576153279281200,359636245279022759,380667103793723621,2,9/19/2021,p,0,0
678218107182612995201,188399307330032929,136330980956616304,32,2/12/2022,E,0,0
429916882569890646211,271092377065693742,278839560835310929,1,10/17/2021,P,0,0
128799755749696489192,430129140983648813,692345565548461755,36,8/8/2021,P,0,0
822390327505748830893,873539559163122502,976815172012319573,16,5/16/2022,P,0,0
242312898267196888141,425284812400081002,261346082333196136,68,9/2/2021,P,0,0
379621055900348002560,852417344084012110,189823076676114610,39,9/1/2021,p,0,0
879696760804219530611,768294667732757084,264788040898803102,49,4/4/2022,p,0,0
889999182070957478075,491222785539735623,029931612687243328,5,4/3/2022,P,0,0
864452221184170347098,916653481749036948,311432583382275578,50,7/5/2021,E,0,0
089226568422123336278,433194749715082327,549670819521557232,62,1/14/2022,P,0,0
721274382374982367412,332406120535197814,937280671004603767,61,12/27/2021,P,0,0
179731164633414372846,961858216417258255,440475588903612378,10,1/4/2022,P,0,0
862974622604846939525,482559781416331937,618281783131364326,41,7/13/2021,P,0,0
719738109176762254235,617621746676441175,141632531869116643,18,8/17/2021,E,0,0
859313633823341660640,971711176160290592,626578520638216345,57,11/10/2021,P,0,0
916824990583246870091,054857536152885380,685703553645687122,47,8/13/2021,p,0,0
918422269537971436515,838826598037823169,021792910986169916,1,5/10/2022,p,0,0
919988993655626078265,535695690336005695,302754867929929962,28,8/5/2021,E,0,0
079898868838429926732,363395454165034293,302754867929929962,51,12/18/2021,p,0,0
936960806476856636256,058967204789520330,348994295765937354,54,6/8/2022,p,0,0
050921867451840057948,604822553932565379,344516450937186069,68,9/11/2021,p,0,0
