curp ,idSucursal ,rfc ,nss,fechaNacimiento,fechadeIngreso,salario,antiguedad,edad
200290691952701477,67,8053666656434,895283600,1987/12/25,2019/11/07,3282.2,2022/03/31,22
661202075362732048,54,8305270546376,136764905,1982/06/10,2020/01/13,4795.6,2021/09/24,36
558323329766158676,59,8976047913927,357401504,1986/09/08,2021/03/31,2198.8,2021/10/07,31
557679241532261999,11,9397940678577,962907596,1980/03/27,2017/07/26,3457.8,2021/12/03,40
159753889712029535,21,3889059592866,268371472,1982/03/18,2017/01/14,3270.6,2021/12/18,29
018980860006841746,43,3576488924027,141191564,1985/06/24,2017/11/16,5151.6,2021/07/31,22
223338990984631247,18,4147656494376,819668378,1989/11/19,2020/07/29,2636.6,2021/08/08,32
721548796836550105,42,1878592744649,645432012,1983/05/28,2019/07/31,4749.5,2021/09/06,37
218801036872983584,32,6054988248000,380709579,1997/08/01,2020/08/30,2485.4,2022/01/22,39
723559019694503868,23,5962905279174,678128475,2003/01/11,2016/10/10,4866.6,2021/10/16,36
298326459068258361,66,3235149814745,478756558,1982/12/28,2019/02/05,3224.2,2021/08/19,38
661450617769620945,51,4778417786663,939584393,1997/01/12,2016/12/23,5905.6,2022/02/25,20
869392407893216866,12,1553550126934,107274656,2001/03/08,2022/03/26,4802.3,2021/06/30,35
441428045423284668,5,1955996124010,789457854,1981/06/18,2022/05/30,2340.4,2022/03/25,21
928679863616934176,7,4584620579006,807833045,2001/04/06,2018/04/09,4697.9,2021/12/12,26
669419850381613313,59,4146355404855,721617435,1999/04/24,2016/12/19,4059.9,2022/01/23,21
028999516438154014,5,2576139862488,134806322,1982/12/29,2017/01/06,2320.4,2021/08/01,39
208753334081005296,62,4209324546085,301630369,1993/11/08,2021/09/11,5680.0,2021/07/31,26
213797471747940424,49,6949067785327,236694849,1996/06/12,2020/07/10,2824.3,2022/03/02,38
796026093364468992,1,5349744764934,720814113,1986/02/17,2016/04/26,4151.3,2022/06/11,31
583319259783581508,62,7103859612741,410540696,1981/09/27,2019/11/07,3660.1,2022/02/04,20
646267057911400815,35,0757847105498,374924067,1983/05/25,2018/11/02,3544.0,2022/04/28,34
575516590684861060,34,5969224074504,913675141,1994/04/16,2018/09/26,5730.3,2022/05/26,39
255950545096723416,2,1974391595038,817403540,1981/10/14,2016/10/29,2564.6,2022/05/06,28
102715080866333082,27,9913482406822,656461894,1999/05/13,2019/01/29,4542.4,2021/11/20,26
900816568792167920,6,2471651309550,491635713,1996/08/25,2017/03/01,4047.5,2022/04/01,40
490937832112002699,51,0758736598199,384606454,1981/03/29,2016/10/20,4037.6,2022/05/07,35
498192728689311669,28,6462095648889,857406999,1994/09/26,2018/01/15,3515.3,2022/04/11,37
693287927984529959,44,2698922867088,320740327,1995/07/28,2020/05/29,3246.9,2021/06/16,24
502363049851751339,7,1137976197037,133184486,1982/09/16,2016/12/02,5882.4,2022/05/14,34
639510988801624525,6,3615130507225,823256782,1989/02/06,2018/01/02,4982.7,2022/05/30,32
940967198505054197,38,4350130507630,884030554,1995/05/28,2022/03/13,2461.0,2021/09/24,35
586983208984793472,23,9017763041321,158459562,1993/03/06,2016/01/01,2244.2,2021/12/13,23
422865904109161008,10,6400137366090,145374828,1986/08/12,2017/10/04,5200.3,2021/07/16,33
530246997063636244,58,5704143849542,244481655,1991/06/15,2017/06/13,3545.5,2021/06/29,20
485867995763630622,60,0907331865077,843174163,1983/06/15,2016/10/19,2306.5,2022/04/17,27
844947889789870542,21,2299028280209,859068590,2000/05/19,2017/07/25,3686.1,2022/05/16,20
163690624887770468,29,5735742614102,523084469,1995/03/26,2017/03/03,2805.4,2022/05/19,30
150096743504393986,8,5930296731613,122043137,1987/05/11,2017/07/30,3570.3,2021/11/16,38
005494862998403043,65,4221097811009,322449995,1982/02/26,2016/06/10,5735.2,2022/05/16,41
765883832882726094,31,4988568074640,278267467,1985/02/04,2020/11/07,5115.4,2022/05/01,21
526160914361343199,18,7106310114652,925451355,1980/04/29,2019/03/09,3343.5,2022/02/12,40
867396764186320061,12,5739179500730,508978524,1985/07/21,2019/12/18,4862.5,2022/06/12,41
366494165214639779,26,9571157705160,141134890,1984/11/23,2016/08/02,2239.9,2022/03/24,33
416826962428290542,50,0293752812753,974131146,1980/01/02,2018/11/05,2875.8,2021/10/04,26
951644120090119849,39,3468859794981,438904955,1990/10/14,2018/07/29,3030.9,2021/06/19,37
435587128064558273,26,7293800714987,947703495,1988/04/03,2021/09/27,3111.8,2021/08/30,25
964151789579166208,37,2568584677954,580879871,1984/04/26,2019/01/27,5927.1,2021/11/16,38
577058439484482675,15,2037686462353,550134669,1997/04/15,2016/10/24,5564.8,2022/02/14,34
316042985355677755,67,4288172400717,022023381,1991/04/29,2017/06/23,5626.8,2021/07/10,35
972526054940503927,16,6915804122034,749514090,1985/03/14,2021/06/29,2244.1,2021/11/27,39
652620827167509798,23,6123391116258,222362337,2000/01/26,2020/01/17,2584.3,2021/06/27,23
238878560001969271,43,5808309576423,411884280,1986/10/23,2021/12/16,4612.2,2022/04/11,42
804503200423980015,46,8990148025404,592947769,1997/07/15,2022/04/30,5253.9,2021/11/09,20
979559013084354451,62,5778759930248,055492493,1995/10/06,2022/04/22,4196.7,2022/05/09,40
244835491508332730,43,6429200743794,066035534,1992/10/23,2021/09/06,2128.9,2021/08/02,41
435775685410577910,36,1990703673659,163916074,1994/09/14,2019/07/25,5054.2,2022/03/26,23
643920630151934534,2,2608186441006,453257936,2002/02/26,2016/03/03,3999.4,2021/11/15,32
795622989095958465,7,8596796558659,173498802,1988/06/10,2021/03/11,2201.5,2021/10/15,30
479858714395025036,7,1818231683322,354123571,1989/06/05,2019/08/18,2487.5,2021/10/04,26
104427026468697871,68,8707957276964,332758150,1981/11/15,2016/10/23,3441.1,2021/12/09,36
932793228725812902,31,9316528292360,911207070,1998/06/24,2017/01/19,4264.1,2021/08/21,27
459770649411923468,12,7865575341748,111573131,2003/01/11,2021/04/20,4371.4,2022/05/23,22
727812306173037895,4,4827270247127,477580695,1981/01/29,2020/11/25,2737.1,2021/07/12,27
011815634042638291,18,1991153313720,536774082,1980/05/31,2020/11/26,5068.6,2021/11/19,28
987697570114552827,14,7241028308906,785606872,1991/07/13,2016/12/04,4249.9,2022/02/02,22
431746167051766574,52,1489416853899,261146071,1994/11/01,2019/12/12,4114.6,2021/08/16,27
536506006327210639,65,2106121423336,157289567,1987/03/05,2016/09/10,5850.8,2021/09/18,34
691935241577306254,52,4075454286534,841537674,1991/10/03,2017/01/27,4015.3,2022/06/11,38
919698190546501377,7,2053750675485,109704023,1986/09/30,2016/10/10,4682.2,2021/12/15,24
553542319052769060,8,2694259108925,439288786,1995/07/02,2021/10/07,2619.8,2022/03/17,28
500826028967532354,67,7122538457043,721264757,1986/02/06,2016/07/01,4546.1,2021/10/28,41
889410287887331519,21,7851450948361,077303963,1988/03/30,2019/07/06,5150.5,2021/10/03,20
120766223163400867,20,2275731257459,426656420,1995/11/27,2021/06/30,2116.9,2021/10/13,26
413878569614302321,48,2253177523214,121447385,1996/11/18,2021/12/14,5948.8,2021/09/14,36
779001356593646870,24,4390652790034,090594078,1994/03/24,2021/01/09,5091.2,2021/12/23,34
545363859040126048,44,7261051714401,262117914,1992/12/05,2020/11/02,5149.0,2022/02/19,41
856856066761797068,27,5001113954539,464370918,1990/09/22,2019/10/14,4127.6,2021/07/11,28
230839625084654904,11,6337655697434,505883822,2001/11/05,2016/08/23,4151.7,2021/12/10,30
839956795086307777,60,0800238254671,445951335,2001/02/15,2017/06/26,2755.9,2022/05/29,24
747976233270247078,11,1610783616818,580131647,1996/09/05,2021/10/03,5074.2,2021/07/13,23
715502718587934677,60,3602044470292,924517162,1984/06/19,2017/05/25,3592.1,2021/09/06,28
999378941385602238,26,6693944908291,236508698,1984/04/29,2016/05/03,4369.7,2022/03/15,25
970191109480741679,36,8205200821403,784922927,1985/10/06,2021/06/28,4136.3,2021/10/16,24
296756155913317510,7,8268313006402,393289065,1991/10/20,2022/06/02,3909.3,2022/02/15,35
170453802783086028,49,1401908670396,037717615,1999/04/22,2020/04/23,5624.4,2021/10/28,36
872536408402111811,23,0309507051820,634964769,2002/05/09,2017/09/28,4611.0,2021/12/04,41
714548180148833725,15,4324076739841,059015414,1991/10/09,2020/10/24,3024.0,2022/02/21,32
892459731596800434,11,5463080478758,211214586,1982/01/30,2017/07/20,3260.1,2022/01/16,22
000392493218595027,42,6115764337810,414422875,1986/04/20,2017/06/23,2124.3,2021/07/28,32
637518558733093590,65,3987132794258,668539379,1991/02/21,2021/12/08,2355.8,2022/06/03,35
585245478433659764,38,9619008557228,254353700,1983/02/12,2020/02/18,5696.6,2021/06/17,39
850012755790280876,52,8694695450426,547847569,1992/01/02,2020/05/13,3919.7,2022/01/01,27
791262474192821616,13,9410963729015,598897845,1992/04/28,2019/12/23,5795.9,2021/10/06,38
914669767101827097,2,0851278326992,409384679,1985/06/15,2018/06/04,5534.7,2021/07/07,27
737248022045326274,49,9547001525020,138999682,1988/07/12,2021/06/17,2481.9,2021/07/02,38
465773151057709435,18,9163868412867,816762509,1988/06/18,2016/08/24,2634.9,2022/03/16,25
079300940191212332,43,9953363090261,350954515,1996/10/11,2019/12/14,4072.5,2021/09/10,39
070307453181822437,18,3561302033931,083967711,1991/11/23,2018/03/15,3847.3,2022/03/28,30
887616506246288839,61,2887048768532,546642941,1999/03/15,2022/04/11,5831.9,2021/10/16,23
359246751782826139,17,0345017046865,645966651,1991/02/21,2021/01/19,3656.1,2022/03/08,23
780446877536053717,30,1934190952197,485021541,1983/10/05,2017/08/08,3232.3,2021/07/18,31
287945360620028857,60,7577058602075,403903804,1988/01/17,2020/10/25,4484.3,2022/05/02,21
894808064101931649,38,2338189615041,784869410,1995/01/01,2021/03/30,4983.6,2021/08/01,23
933906987864398818,51,0612668951563,895174487,1981/11/01,2017/07/25,5286.6,2022/06/11,31
014188798190435268,2,0209551799105,821390620,1994/12/10,2018/07/19,3091.3,2021/12/06,24
941096190717411302,40,1786852982131,415324692,1990/04/16,2017/08/07,2444.5,2021/07/11,31
227899755678922799,47,3066401971944,497604987,1996/08/10,2017/10/13,4027.3,2022/05/23,25
861946698398729966,12,5843746161362,356203538,1988/08/28,2016/05/23,2779.0,2022/06/05,22
015192901671160578,12,2699778942737,596690147,1992/03/10,2016/05/29,5335.3,2021/08/08,21
571689244185813031,21,3118205820334,807614780,1999/09/26,2016/12/13,5033.0,2022/01/20,31
038109588937917918,35,1067188973068,200066081,1989/11/20,2016/03/09,3251.8,2021/10/12,25
817267828169406241,45,6300744252452,787825664,1998/03/16,2018/09/17,5105.6,2022/05/31,34
345100046693505455,67,3722652898124,235949539,1986/01/10,2021/04/24,2182.1,2022/05/03,40
571339425864150343,27,6816900218157,102499418,1994/06/11,2019/03/30,5264.9,2022/02/06,25
948984396011975092,31,8069664997851,991703132,2003/04/16,2021/10/18,3726.0,2022/02/03,29
255323287698267945,36,2303814293331,530067539,1995/04/20,2020/04/13,5167.4,2021/12/02,37
948522101858039571,35,5305416706394,562012592,1990/03/31,2018/10/28,2030.5,2021/09/17,23
250123058192521076,63,3356305671795,182680189,2000/04/29,2022/03/22,2536.0,2022/03/08,27
849823306364628876,62,4506523389522,076839061,2000/04/14,2018/10/02,2877.8,2022/04/27,22
328231003827728506,11,9850589045603,673137660,1984/06/07,2021/12/30,4135.3,2022/05/30,31
025253821443662134,24,7315263215360,567044105,1985/03/28,2020/05/31,3596.0,2021/11/04,28
211242428681606886,27,2127124370739,776267596,1983/12/17,2019/10/15,2691.4,2021/10/10,31
846662707194959124,20,3496521046888,956691266,1986/04/21,2020/10/30,4699.0,2021/09/10,31
336226167352210595,62,5158671868288,888880066,2002/06/19,2016/10/02,5309.0,2021/09/10,20
315713856742637774,39,9417399139040,082714011,1991/07/09,2020/02/19,4180.1,2021/10/15,34
519340403810055134,8,1718741195828,776328880,1980/03/11,2016/10/07,2930.7,2021/11/19,31
640945320564247901,6,3732811668877,281969419,1982/10/09,2017/05/14,5060.0,2021/10/04,41
240011517512891669,65,9288293576688,178210762,1994/09/26,2021/03/25,2770.6,2021/07/08,31
582561961003489441,68,1255871801058,114136856,1993/05/17,2021/08/16,5650.7,2022/02/16,21
198794452224914492,32,5394950372134,520479130,2000/11/11,2021/12/25,3590.5,2022/03/06,38
147037634412055735,42,7422878912039,749859733,1981/07/13,2019/10/17,5779.3,2022/02/10,29
261788721535389354,63,4583704257155,439760563,2001/09/05,2018/11/12,3837.7,2022/04/04,32
279694054288794771,4,6034873291478,416335063,1996/01/28,2022/04/27,2232.5,2022/01/15,28
515153471678287297,26,5398421746990,158882244,1992/08/24,2019/10/10,5713.2,2022/01/31,40
768342892972580094,40,2998332248476,298335056,1987/09/27,2016/03/25,4209.6,2021/11/21,42
726487026289026715,50,7899413307815,482829388,1989/07/02,2021/09/25,5982.4,2021/10/29,27
197514555507175483,37,8600335423100,842585669,1998/07/26,2018/09/26,5612.5,2022/03/16,23
797208527962642841,11,2130242314183,797637660,1987/10/22,2020/09/07,5928.9,2022/06/08,39
290354213996363787,57,8136112323103,231331288,1986/10/31,2021/11/22,5554.2,2022/05/11,27
305159254699311031,60,3511157168761,838154908,1994/09/10,2018/02/04,3715.5,2021/09/01,32
884196508857184821,43,6728501367319,084050010,1993/06/05,2019/04/15,4017.4,2021/07/07,35
789839210880016730,25,3455491235374,966187321,1995/12/04,2018/10/27,4696.2,2021/12/09,41
794284295151902024,28,5153865988632,766641238,1997/10/23,2017/03/06,2043.3,2022/03/10,23
341232128723366260,49,2006817447848,374847774,1984/11/04,2019/09/11,4701.5,2022/03/29,29
221016608523649137,27,2584375276185,635537661,1996/03/18,2022/01/22,2474.7,2022/04/23,32
162772872664724971,7,2363623863665,421090562,1985/06/16,2021/09/23,4510.2,2021/12/09,34
608589824973896672,38,1823199524122,039607713,1993/01/08,2019/08/23,4872.5,2022/04/24,37
703147146611863821,7,9304677180358,463643053,1998/09/28,2022/01/02,5161.5,2022/06/03,31
966056589738992359,18,5691867469237,423020552,1992/01/03,2021/12/19,3822.1,2022/03/24,31
273430676210954421,20,6847046496476,497319798,1994/01/04,2021/08/17,3568.5,2022/04/05,24
640126744142405208,67,3747711679800,370894002,1986/05/02,2020/11/25,2240.5,2022/05/01,38
841780289728886342,51,7277452071379,630362358,1994/06/06,2021/12/07,4494.8,2021/10/17,30
837402832392396529,29,9016037850423,037790255,1985/03/21,2019/01/20,5431.6,2021/12/03,23
227030176204759030,13,0893414731296,010497265,1991/07/03,2019/11/06,4933.7,2021/06/18,25
054809080358954764,3,3588839880179,724731143,1996/08/22,2019/04/30,4552.6,2022/05/08,30
887408559682714132,52,4741045027015,447468948,2002/10/04,2016/09/23,2231.9,2022/03/31,38
292920569497657776,27,6304601557962,321402690,1998/06/25,2017/12/19,2781.3,2022/03/26,20
872919716518295024,27,3115338439678,209921395,1999/12/06,2019/07/09,2010.8,2022/03/04,21
937065611531300132,37,7355439210170,045386579,1980/04/16,2016/02/09,5371.3,2022/02/26,24
104309255549835950,47,6805450603222,074918943,1989/03/31,2021/06/07,4280.8,2021/09/07,22
419507783858607009,17,1283811879011,628622776,1994/10/04,2019/07/26,4240.7,2021/10/17,28
914404928092977276,46,7130645313231,594097698,1984/03/11,2021/06/25,4873.0,2021/11/05,39
292738301527517118,32,2251482079778,402740415,1984/08/01,2019/06/10,3054.4,2022/01/04,35
351912357873224340,39,2560163941303,045377820,1984/01/30,2020/06/22,5796.5,2021/10/25,41
683939110444293668,47,6372649305465,976542337,1991/08/22,2020/09/21,2374.1,2022/03/26,30
383231070327873030,21,2174093580743,113896754,1993/03/06,2018/12/25,4948.2,2022/04/09,29
290882793120175214,44,1779491994344,658468834,1990/08/25,2018/06/13,4156.8,2021/07/10,35
855604394257998520,1,0968510497751,792311559,2002/07/20,2017/05/17,5576.6,2022/05/12,41
775026241915439556,44,6987535671824,835939965,1983/05/08,2018/10/30,5182.2,2021/09/07,33
634944881027430271,47,3501444193072,855134595,1982/11/05,2018/06/11,4790.5,2022/04/25,36
686179025904917575,60,8162097018352,840519661,1991/07/14,2016/10/04,3259.8,2021/10/20,41
685675301294750319,37,9054319469247,595786288,1991/03/28,2018/06/11,3773.4,2021/07/07,41
049130551348779216,23,6505909855828,579228390,1995/03/31,2016/04/13,5099.9,2021/07/18,22
411535227027748759,56,5150249528781,487369390,1984/04/22,2022/03/05,5422.6,2021/11/17,30
243056697636846813,28,1013077588927,652259390,1985/01/16,2018/02/09,3320.0,2022/04/16,33
852211053632276655,2,4055665905040,660049443,1982/10/20,2017/02/24,4621.1,2021/06/26,32
634238512014178451,21,6694486342022,188419378,2001/05/21,2021/07/07,2843.9,2022/05/07,26
879595620723544152,16,5126714530042,100904743,1992/04/24,2016/02/27,2283.6,2022/01/19,34
835797141706966616,8,5145489099439,822387949,1989/02/23,2022/01/28,5963.1,2021/09/29,34
686383788377348727,40,1026368220167,045375798,1994/10/19,2022/05/04,2836.0,2021/08/21,24
697084409494523219,61,5176447687473,967444129,1996/12/16,2018/01/06,4526.3,2022/04/29,32
151378697069077187,14,5661508261553,926568517,1987/06/21,2019/10/01,4114.0,2021/12/01,26
602305570950821074,51,8790087109411,780169885,2003/03/05,2020/09/23,3844.4,2022/03/26,28
399731420033338491,62,8532103906506,400943919,1988/12/16,2021/07/07,4900.2,2022/02/24,36
343063361782000030,35,6296636495527,033802290,1994/02/13,2018/05/06,4775.3,2021/12/02,20
723656863878882568,54,0629030187867,918862811,1993/01/26,2021/07/25,2923.4,2021/10/24,34
774965537466965168,33,8846479036876,867038640,1997/10/27,2018/03/04,3833.3,2021/09/10,31
262966687344355493,16,8355096085284,891316879,1985/12/26,2017/07/03,3808.1,2022/06/06,31
285435702359884609,64,3267299659424,147227070,1987/10/18,2017/03/15,5078.8,2021/08/31,24
193391549744311389,8,9925337684015,277747838,1993/04/03,2018/03/06,2876.1,2022/04/03,30
258206177702306421,24,9487306334899,478072027,1985/10/15,2016/09/09,4981.3,2022/01/30,42
233362769164260053,22,0540578209011,225466556,1999/08/14,2020/07/06,4328.3,2022/01/23,33
304705534922334111,64,3795457146218,768565336,1993/01/28,2017/02/04,3361.4,2021/11/12,25
489575536080727153,17,8282248430703,224512395,2002/11/29,2022/03/21,2361.0,2022/02/23,35
832249376986972891,21,3608656956066,712915663,1994/07/09,2017/02/07,5430.8,2021/10/26,20
194000007096593294,34,0861577541798,856576987,2003/11/07,2016/08/22,5919.5,2022/02/10,27
718981193994334381,39,5116697701046,669273576,1996/02/07,2020/02/10,4566.9,2022/05/02,28
984361092537420004,8,8305155538215,531543932,1980/10/08,2021/08/04,3500.5,2021/08/29,27
098117417231176074,31,2739197734377,637154608,1984/05/05,2021/06/06,2178.9,2021/08/02,34
746144280744998832,14,9994918194333,273956494,1982/01/13,2021/10/31,4407.4,2021/08/25,20
304312135391360484,46,6849520145023,970567131,1996/11/11,2016/05/19,4032.0,2021/06/25,32
576668566716314929,26,8897189253397,789017209,1985/12/02,2021/06/14,5788.9,2022/05/20,21
283629155790048214,60,3126575275590,943502786,1999/10/09,2017/03/27,5440.5,2022/03/08,29
466265133867413988,63,4757250082029,563416489,1995/01/13,2020/07/31,5918.1,2021/07/13,33
769085705082455303,16,0167343682813,879455170,1994/08/06,2021/10/05,2151.3,2021/08/01,30
415082583542478770,53,8484909050872,326777710,1988/08/27,2019/01/11,3624.1,2022/05/01,32
963243293517658796,33,1227952760763,913877766,1995/11/30,2017/05/13,2926.4,2021/11/19,22
233394646029018872,38,3314013571466,044930664,1992/07/04,2018/10/02,2962.3,2022/03/13,36
570094308210721458,38,8044205314407,105596307,1990/06/10,2020/06/08,4263.9,2021/07/26,25
059231757603840378,47,2493976469454,983213175,2001/06/30,2021/07/03,5788.1,2021/12/23,27
857829697106323346,21,6424996210644,635634718,1985/01/25,2021/07/04,5359.8,2022/04/06,27
816069755915437975,22,5364403578307,755442475,2001/04/15,2022/02/21,3605.8,2021/09/22,20
938654445426537750,14,2210481485663,009589140,1994/12/27,2020/06/16,5054.4,2021/11/24,39
959628641220874061,30,4187265547980,879336645,1983/03/08,2016/04/20,4713.9,2022/02/09,29
704706336683101251,50,6291040978771,316975283,1983/01/02,2017/01/11,4764.7,2021/12/25,23
582411199881119131,47,0798617272645,606304145,1980/05/28,2021/06/02,3313.3,2021/12/18,35
309573857633178098,66,1153627487215,992852998,1984/01/08,2017/05/17,4406.7,2021/07/05,24
484075115875197313,14,8846989555892,940170404,1991/07/07,2020/03/29,4362.3,2021/08/01,32
854657424917437250,3,2443226830240,119690415,2002/12/11,2016/02/15,5928.0,2022/04/12,31
271576361995450991,19,7485749873248,188015982,1984/03/12,2016/08/26,5010.0,2021/06/17,21
198735228874159468,11,5913089087036,906916260,1991/02/04,2019/12/23,2923.9,2021/08/18,21
649575864531238541,27,4164740081711,844869597,1983/11/25,2022/04/01,5316.8,2022/03/19,28
622162961107520378,64,8034901900316,543786728,1981/10/06,2017/09/09,3809.4,2021/12/09,34
491816088076895707,66,5076956028181,510379919,2001/08/01,2020/06/01,3685.5,2021/11/12,33
435656274341211384,16,8562591069813,863980156,1997/04/28,2017/01/11,4687.5,2021/11/21,20
651640638701212782,8,5897664362485,577477047,1980/09/27,2022/06/01,4794.0,2021/10/09,41
484038218306268963,12,2673848363360,827569798,1980/07/31,2022/04/26,2675.5,2021/10/08,22
978398581597621919,33,5908432464260,370490183,1993/09/24,2016/04/20,3642.7,2021/10/11,25
788650051786618038,52,8245123560957,571669587,1984/02/29,2018/06/10,4198.8,2022/03/01,24
706498462202289873,35,3700193344960,710506342,1987/04/07,2018/11/29,2017.6,2021/10/08,36
200895188045508215,34,6829392883433,504393011,1994/03/10,2018/06/18,4148.1,2021/11/24,24
952397880661373836,3,9410604633961,926042572,1993/04/11,2017/08/12,3653.2,2022/05/20,21
311016519662801608,31,4836416646977,128983207,1982/05/15,2018/09/11,3069.4,2021/10/10,23
291232045931380088,50,6208019495745,395170295,2001/04/17,2020/02/25,2025.7,2021/08/29,32
273297233363963697,29,7370886508261,330112906,1984/10/01,2016/01/03,2084.6,2021/06/20,34
621613798237720550,28,7367192822524,153842476,1997/05/15,2019/07/30,4771.6,2021/06/29,42
389676984322634700,30,6137593222623,251498144,2000/11/12,2017/11/18,2415.7,2022/02/10,20
225500847928670110,4,1428533770927,783454651,1999/11/09,2021/03/17,2217.0,2022/05/04,39
405183459936575174,47,8432743938034,106854835,1990/11/28,2019/07/10,3505.7,2022/01/31,31
073275327253698272,42,8841502391613,035682346,1986/12/30,2020/11/27,3286.5,2021/07/17,39
000169344749246513,19,9852979727724,255296961,1994/09/24,2019/11/03,5828.4,2021/07/31,39
271688182017545805,37,2979075784660,161611557,2002/01/27,2016/08/27,3485.8,2021/11/10,29
731630775506236503,20,1660129047772,385541255,1986/08/20,2019/05/29,3392.6,2022/04/12,34
386408936468614129,32,0506443496331,388340405,2003/05/29,2020/12/15,3323.6,2022/03/10,28
659890929846675543,3,6876879654229,584200958,1997/04/29,2016/11/14,5609.6,2022/05/07,29
227370716037864721,57,8116544690830,560967720,2003/02/25,2021/04/19,2069.0,2021/08/08,31
792225934381813681,15,4006632526760,201044314,1993/08/13,2022/03/14,4889.4,2021/07/18,24
354195903290595341,34,4267939666186,614777790,1997/04/14,2016/04/17,4852.4,2021/11/03,40
779559268193053794,64,2694517594791,085927654,1984/01/15,2020/04/16,5718.1,2022/06/04,27
634105596386534180,49,4601520518484,099130926,2003/12/23,2018/11/05,2212.0,2022/01/20,30
574328170070379085,66,1813557594004,509538441,2001/05/05,2017/11/14,4889.1,2021/11/21,36
545627132387821594,36,4236150638709,157479111,1983/12/02,2019/10/19,3808.4,2021/10/13,35
205611986999769703,7,4481227650648,463853964,1994/04/11,2020/11/10,2997.2,2022/01/31,24
917175090698670993,19,7653291049671,254997772,1995/06/20,2019/09/03,5420.1,2022/03/28,28
633736485295799413,53,2195964749503,905045921,1997/08/19,2016/06/26,3950.2,2022/05/29,33
236966957253989384,46,8123477562216,696925792,2002/05/08,2020/06/15,5973.6,2022/04/04,38
656088084818394843,6,2304818978972,435641903,1995/09/12,2017/04/24,5360.8,2021/07/12,40
978676238473742689,8,5751832974119,495013427,1980/11/13,2022/06/09,5569.3,2021/09/01,22
359982236585977786,54,5073377264395,958398116,1999/02/17,2016/11/22,5507.4,2021/12/04,30
772776496428848067,43,9258132173481,146880010,1999/03/07,2019/09/17,4498.9,2021/07/02,29
520960943004143036,1,1119145186567,780966298,1991/12/16,2018/08/08,5248.5,2021/07/28,28
516968297703811010,41,1635864027291,677684511,1988/10/27,2016/12/11,5323.0,2021/08/22,36
473676965693169095,57,6742111345124,827214659,1997/01/19,2021/03/25,4763.1,2022/04/07,24
057850743867055772,54,7943080453728,877848288,1987/01/03,2020/07/22,2492.8,2021/06/16,22
306058228853780959,52,9800754538344,584347680,2003/09/13,2016/11/04,3560.9,2021/10/21,33
772908079257679132,45,5999960206121,090714378,1995/03/12,2017/06/05,4911.9,2021/10/23,29
398015196936628986,42,4368063793932,085229047,1984/08/04,2022/06/08,3172.8,2021/09/18,28
114012105930830998,41,0523418098812,492486559,1981/09/30,2021/08/18,2168.6,2021/07/04,34
011139021971642857,22,6327700659457,688685982,2002/01/07,2017/01/25,5930.4,2021/12/24,30
791838501002797129,61,1551864143439,554899173,1980/04/14,2021/07/14,2730.0,2022/04/20,38
054871570806648498,17,5141618576338,266192030,1990/05/17,2019/10/01,3574.6,2021/09/10,21
538252549118106637,4,1395611843038,499831792,1985/06/24,2020/03/20,4289.0,2021/06/30,22
504832723298939354,40,0182525094126,648199482,2000/12/26,2022/03/05,5256.4,2022/04/26,28
890667978656819077,56,3611906501473,412759396,1997/01/03,2020/09/14,3408.7,2022/01/21,25
168001853740316068,49,1171909738737,709436441,2003/12/19,2016/02/19,5459.3,2022/04/18,33
564144755823628265,14,5460526102448,884525721,1996/04/04,2022/03/21,2474.3,2021/12/15,21
568236903049385533,44,3918061714243,714256353,1995/03/16,2020/11/25,2560.0,2022/04/07,38
821100727899172070,4,3162305338905,862637309,1997/12/23,2022/02/01,3692.0,2022/03/11,35
574118798647892085,17,2858439079765,891303853,1996/10/09,2019/06/15,3713.1,2022/03/02,27
927396635915478101,48,2483997951472,675619069,2001/11/06,2018/07/03,5013.4,2022/05/10,21
028593359406282165,3,7532465966456,599744617,1986/03/28,2021/11/20,4193.8,2021/06/25,33
473117850390559692,40,5617044666156,284410211,1993/11/13,2016/02/07,3372.2,2022/04/23,36
612873886605643614,50,3735451734585,082429796,1988/03/27,2022/02/07,5906.8,2021/06/16,34
953750200771646488,42,2148360454654,296204752,1986/10/31,2017/12/06,3287.6,2021/11/23,29
711383920368129977,22,9931540970813,456152858,1984/05/13,2022/05/25,4771.9,2022/06/03,41
385693357867313171,1,5843742304508,587404785,1999/11/23,2019/12/15,2684.6,2022/02/04,39
053817371877845526,59,6900118823597,173788867,1984/09/14,2017/03/30,2011.4,2022/03/28,21
774924669078655355,30,5462067203878,808141180,1991/08/19,2017/01/08,5616.7,2021/12/07,25
112060989156520881,4,7810966907973,840286718,1986/02/10,2019/05/17,5100.6,2021/10/08,27
162835669127625577,51,1361270591676,878323088,1994/07/05,2020/04/05,4560.9,2022/02/23,32
410503764259405323,30,7203535954577,936330886,1982/03/10,2019/12/16,3668.1,2021/07/17,21
044036179387690357,63,5207112060241,976339757,1997/11/28,2018/01/04,2561.8,2021/08/26,24
135780811378216386,22,2855959998048,987718678,2001/02/03,2018/12/18,5062.7,2021/09/10,26
801053766602960204,50,6015433177003,423313128,1999/09/14,2018/03/26,4705.1,2021/08/20,28
636252322634886556,17,2603857220311,607901477,1986/04/02,2019/01/23,3744.6,2022/01/21,36
453403361910996564,28,1813056928957,083842173,1994/05/15,2019/11/08,2072.9,2022/02/16,38
509164738369759993,14,3925159146207,290245732,1982/12/24,2016/01/11,5933.6,2021/11/03,39
748087215456862142,47,5899703085055,629977032,1998/01/19,2021/06/22,2799.2,2022/06/03,30
426330038843986577,17,4122890577533,796194220,2002/05/10,2018/09/14,2324.6,2021/09/08,20
564445446319305051,2,6981187863137,482486760,1995/02/14,2018/01/16,2060.2,2021/09/09,39
689455987867882888,67,6455497202799,541719991,1982/09/17,2020/01/21,3262.2,2021/09/29,22
334556184408323703,28,2622097788104,125023161,1999/12/04,2019/06/27,5107.3,2021/07/19,26
321364060970102411,15,4876501811029,544586080,2002/02/18,2017/02/26,4493.4,2021/06/24,30
959377342014526182,56,7875554760624,410913061,1998/12/07,2018/09/18,2593.9,2021/12/19,26
584382279223010100,11,2944819678848,521917531,1986/07/25,2020/07/26,3709.5,2022/03/13,21
797718597694959878,54,1033598072027,008075455,2001/04/03,2019/09/22,3334.7,2021/08/14,37
905878548861641765,14,5697049817756,943542400,1986/11/11,2016/07/20,5671.6,2021/12/12,23
182170683196137360,12,9891095877793,949431507,1982/11/13,2020/02/03,2163.9,2021/10/20,23
880642998422733075,22,5436806738656,377177405,1997/03/14,2021/12/22,4045.4,2021/07/09,39
243302624839002925,54,3921912649128,494582994,1982/11/28,2016/11/14,4415.7,2022/01/31,20
251206867732423605,45,9531254888183,324734944,1996/07/09,2022/01/19,4341.0,2021/11/07,27
883125191833730337,41,1105938641406,402674221,2003/09/24,2017/01/13,2518.5,2021/07/10,40
401856546055929433,55,5136965954404,406363235,2001/09/06,2018/04/26,3829.4,2022/04/28,37
556132697656300522,66,1835450555769,658333586,1998/08/10,2021/08/09,5568.5,2021/09/17,32
028805928829012775,2,6892273448243,560458836,1994/04/26,2017/11/14,4485.9,2022/02/10,23
048809462388813779,11,9801255798905,523078681,1989/10/03,2021/04/11,3966.2,2022/05/23,21
034150626088017824,16,5269918584826,743788016,1990/06/15,2018/02/21,4314.7,2021/11/21,22
244646532849356826,54,3071683588659,924057279,1993/09/14,2018/06/11,3052.8,2022/01/05,34
933889090563796096,5,4960229225176,961216003,1982/11/28,2020/05/27,4296.2,2021/10/28,38
279491106205693036,55,8224511479283,806313880,1996/12/29,2019/11/24,5470.1,2022/03/16,26
806831976033816952,47,5470231669917,655659146,1989/01/03,2016/06/09,5215.7,2022/05/18,42
113865182105399170,47,8790566121643,389329366,2000/08/22,2022/06/07,3019.4,2021/06/19,23
823717383688587472,43,6438979597106,502664257,1997/01/20,2018/09/12,2070.2,2022/02/26,35
175375187073421962,12,6022013549508,371505694,1985/11/17,2018/12/01,4995.3,2021/08/14,39
780919889661572592,8,5287912514524,839606927,2001/05/22,2020/04/05,2366.5,2022/05/05,40
108561232362502842,12,5720770355594,423021627,1986/07/21,2016/10/03,5443.6,2022/03/08,40
362300453571046520,57,0792043004235,873062319,1984/12/16,2017/11/18,3160.5,2021/12/05,42
186360842364979101,21,6862115368595,483026397,1987/11/03,2021/05/03,5609.6,2022/02/14,23
287947266374656391,44,5315658675262,421822945,1993/09/09,2019/04/25,2672.2,2021/11/22,25
033169176996261058,49,7681762346569,464628656,1991/02/23,2016/02/08,3538.8,2022/04/15,39
529663915789642253,7,5884156985086,666774898,1984/07/04,2019/07/03,4784.2,2021/11/20,31
062057110020455962,50,2582930570379,628226136,1982/03/06,2021/12/14,2110.7,2022/05/18,30
425409500732362100,42,0176140208736,921711671,1996/02/08,2017/03/25,2010.2,2021/07/28,20
950163437431164302,40,1498898442334,987038213,1981/07/18,2016/07/07,3110.3,2021/12/14,33
056730854175332172,38,9681089991226,718639925,2002/09/27,2018/10/27,3809.8,2022/04/24,39
889597274050080168,43,9763032377574,615731822,1991/11/14,2018/12/13,2921.6,2022/04/03,25
168160326880914004,17,8207970243002,582832366,1983/09/09,2016/09/12,3603.4,2021/06/23,41
158164688581800963,7,0312241569530,100624543,2000/11/08,2016/03/06,5905.3,2022/06/03,42
773012144223262269,67,4083583441379,458821034,1985/10/21,2020/02/05,5778.1,2021/06/26,40
331419613196506304,51,1019804426967,050466472,1980/12/17,2016/05/28,5499.7,2022/03/02,36
351895579016067172,49,9221859578417,929087390,1980/12/25,2017/06/14,4649.2,2022/01/07,35
318225364934323511,50,2621527194606,373331680,1991/03/01,2017/10/10,2168.4,2021/08/13,28
887536464069965473,8,1883226599090,242412732,1993/11/25,2017/03/07,3925.8,2021/10/16,31
484417642829337447,35,5209240152322,157705029,2003/12/10,2018/02/06,4630.7,2022/05/08,34
545384271177387271,68,9621600939011,309954750,1994/05/14,2022/03/14,5315.7,2021/08/27,29
221615653866173250,61,9169600387999,703564008,2001/07/11,2022/01/14,3567.6,2021/11/25,25
881347591090860628,13,1635254482234,095122549,1998/08/10,2017/08/23,5126.3,2022/01/02,29
258646683661167585,37,9075061888319,947816549,1986/03/08,2020/04/15,5937.8,2022/06/02,34
443426604417651775,46,8007830427787,436898401,2003/02/11,2021/09/15,3808.4,2021/09/17,27
162465647940060958,53,4520134514703,259121917,1994/11/27,2018/06/26,3495.4,2021/10/31,26
787054428621932681,56,4999759459969,731601233,1996/03/31,2019/07/01,2748.4,2021/08/20,36
012439958236816635,65,8159278387021,084923946,1985/07/13,2020/09/25,2983.2,2021/12/29,35
580840522356308325,58,2502701306172,688179084,1986/01/20,2016/03/14,3877.9,2021/09/04,24
111480971415637967,16,8190669737999,304457452,2003/11/16,2016/11/21,5535.3,2022/04/04,22
872543160432597895,44,8953085550793,138833911,1990/01/12,2020/12/25,3308.5,2022/02/24,29
686119578994105124,66,7979392446611,359145511,2002/09/06,2018/08/13,3162.1,2021/11/23,37
908949627827348311,35,7867533644029,394281591,1984/01/22,2020/06/18,2409.5,2022/01/10,40
837591220348389836,41,2155195393775,942515690,1990/04/30,2017/02/08,3887.9,2022/04/27,31
830376428788152185,68,2225397708335,801737053,2003/08/13,2016/12/01,3675.6,2021/11/09,35
468387261024239154,65,6314724197842,353885638,1998/06/13,2018/04/24,5900.1,2022/02/22,25
051784688582422953,50,3903322119917,794766570,2003/02/23,2016/09/09,4378.5,2022/05/06,23
379204201079324709,5,5862855743332,205614340,2000/11/25,2020/12/31,4571.1,2021/06/19,31
270257378844031272,53,5285560398356,838422654,1987/02/17,2017/09/08,4387.5,2022/05/19,30
205461703706259568,30,9467358647931,037710568,1994/02/01,2018/11/29,5177.8,2022/04/24,35
791705061480939205,5,6916489121052,932890510,1987/11/05,2017/01/01,2569.0,2022/04/16,23
349492916710042320,60,3844189347482,179321099,1992/08/03,2021/12/31,2507.1,2022/02/10,20
115952517172351480,28,9773063639820,375272595,1988/06/30,2016/01/09,2229.4,2021/09/23,29
981211087936511955,54,8580978798834,368771028,1986/06/14,2018/07/22,4365.3,2022/02/19,41
609417533955308688,45,2882208905303,125288125,1987/07/22,2020/01/05,4819.2,2022/06/09,36
324077670955929221,43,2734574600157,523083673,1984/07/27,2021/04/01,4220.1,2021/07/16,40
389457316905949596,10,2647547860690,397010933,1989/03/04,2017/01/04,3166.7,2021/12/19,35
282232873544039121,38,5226654483924,237800719,2000/06/18,2021/02/25,2608.9,2021/12/23,39
406712848415699518,6,1272357295162,652714746,2000/07/14,2017/01/06,4877.7,2022/01/16,26
822361954515898166,21,5627355790455,931631461,2000/09/06,2021/12/24,5388.3,2022/02/16,42
159546525606062995,29,9686608154347,966576098,1983/12/09,2016/02/10,3976.8,2021/07/13,29
603790814435071277,66,3773307456553,463189582,1995/05/06,2017/07/16,3270.9,2021/06/17,20
541093396928683800,34,2827767761149,846724032,2000/12/29,2017/03/14,5367.9,2022/01/15,42
070216238352069516,7,8345449980009,882851525,1995/10/03,2021/06/27,5162.8,2021/10/30,30
902247704996383429,9,1442224043459,291729297,2000/06/04,2018/01/15,5200.8,2022/01/05,23
455355387432604226,66,4417212106325,463925024,1996/06/08,2021/12/20,2250.5,2021/11/15,42
461996170893760350,10,3072174767521,918276494,1984/04/11,2019/08/18,3539.2,2021/07/20,37
896483850801246050,18,2775646979909,396579392,1993/11/10,2018/12/12,2468.0,2022/05/09,26
833554397778102778,6,6533702290908,971325580,1980/03/22,2022/04/18,4360.1,2021/08/31,22
443597040397784171,46,9877840327066,451478556,1994/03/14,2021/12/15,3800.3,2021/08/28,40
630650075586846281,50,9048768019122,166367319,1988/04/02,2018/11/20,4595.3,2021/07/14,22
001784315666659649,15,2037245003057,307958186,1983/07/26,2022/01/29,5069.5,2021/07/02,36
151621849342812822,9,3376502043734,574145083,1983/08/23,2018/03/28,3723.0,2022/02/03,27
673346968632746071,12,9651574334171,664726340,1987/10/18,2018/03/02,4191.5,2022/02/09,27
410235566382862366,29,4615252460286,642317441,1984/07/12,2019/12/07,4459.6,2021/11/18,36
507927903966910385,18,9765035191606,127053940,1990/02/11,2016/07/08,3338.9,2022/01/13,27
201477405003214390,60,0211161964544,648425308,1999/10/31,2018/12/11,3262.6,2021/07/05,24
315813234089703083,26,9005626299387,022659283,1999/08/26,2016/01/14,3820.9,2021/09/09,39
479460978143505595,61,4344228698642,547072055,1989/05/11,2019/04/30,2178.1,2021/12/28,26
361192973007927341,36,5420944075681,049615615,2002/10/09,2020/04/27,4886.3,2022/01/13,33
512985239887114086,41,8145737605882,690395649,1989/05/19,2022/05/24,4609.5,2022/02/06,37
402487565417849196,12,8317715630036,950526185,1992/04/30,2016/04/06,3913.9,2021/07/17,37
724367878314111142,48,7865819653234,030844334,2001/03/18,2018/07/19,2773.7,2021/08/19,33
541155728377409072,55,3878567866402,791996161,1986/04/28,2018/12/14,3846.8,2022/02/10,41
866813626858323946,35,0453918559584,199136516,1985/03/12,2017/01/05,5064.2,2022/05/24,29
148408966240909863,52,9774042430171,266394936,1992/11/10,2021/07/13,4065.3,2022/05/24,21
077029850866262259,38,3479148633487,923193252,1993/01/10,2019/11/27,5259.4,2021/07/01,33
978457593141319104,51,7175753029912,541664761,1986/11/17,2020/10/21,2115.0,2021/12/30,25
009401797103689581,33,4430162717939,795754912,1986/07/08,2021/01/14,3057.6,2021/12/10,39
618846875445620797,39,8014368661249,075139296,1991/04/29,2016/11/29,2401.8,2022/01/12,32
614722018277276992,4,2966380848656,236607815,2001/03/29,2019/04/29,5407.5,2022/04/25,30
025631045208774767,29,0123344626509,560283820,1988/12/29,2016/01/16,5971.7,2022/03/04,39
985231077524972262,61,4902929137392,442269615,2001/12/29,2020/08/17,3191.0,2021/08/15,31
319320152292942303,13,7531972069120,799243295,2001/02/11,2016/03/13,3460.7,2022/04/20,36
276704807558813345,20,2541346836258,106257417,1986/12/01,2020/05/14,3167.9,2022/04/30,24
034043959104213754,11,6954052354021,176903989,2000/08/13,2017/01/09,2586.4,2022/05/19,42
337304432443230856,37,8533623550341,633246040,1995/04/05,2021/08/06,2870.1,2021/08/13,29
431805226100885414,34,2828969015770,745097963,2000/12/22,2019/01/09,5050.3,2022/06/11,25
541396628337266955,64,2827631769113,411752454,1996/07/01,2016/08/27,4603.9,2022/01/25,33
697741333189826599,31,6022534123514,660103579,1982/03/10,2021/01/24,2059.4,2021/10/25,40
896089420553458938,48,3985251481539,871353865,1990/05/12,2021/09/04,5253.2,2022/03/04,33
286361685471088961,23,2288309116832,469365319,2003/08/22,2020/05/02,3475.9,2021/09/10,40
591552509490545634,46,2690927534739,689314700,1989/06/17,2018/10/08,3495.9,2021/07/25,28
885827982342710555,27,3423648240204,363837289,1992/10/01,2016/03/05,3259.3,2022/06/02,34
106091638950693776,68,2932606385761,438701860,2001/02/18,2021/06/29,4425.8,2021/08/19,40
224247532019234492,17,4230962012842,757650211,2003/07/02,2017/08/10,5909.9,2022/05/13,39
238801390889287741,43,6876944997726,171182566,1987/10/01,2016/05/07,3179.2,2022/01/21,20
494653540328958049,4,1539148876619,085584463,1987/01/31,2022/02/17,2273.2,2021/07/07,39
564218422227110994,26,5345034324721,778889050,1993/07/09,2017/11/04,5919.9,2021/10/06,33
133544588436549662,56,4275278957124,532707189,2002/12/05,2020/05/06,2266.1,2021/10/27,21
048234693984615941,42,6678874228391,492938826,1988/05/22,2017/09/26,5135.9,2022/06/09,34
753199469282851418,8,2684966525976,791418898,1984/09/15,2016/03/19,4810.8,2022/03/29,21
931961522125588526,33,9369203698007,568361994,2003/12/28,2020/06/01,5886.2,2021/12/24,33
358533351447210682,35,4167045020398,938134328,1980/01/13,2016/04/02,2002.2,2021/07/14,40
297489974189913900,64,2100570855795,494808315,1992/08/24,2021/11/01,5745.9,2022/04/23,32
076506378098368465,58,6886072850010,538927416,1992/02/17,2019/10/20,3913.7,2022/01/22,35
203899048687194725,21,6877320478079,478635856,1983/09/25,2020/03/12,4382.7,2022/02/19,35
073534581750219562,43,1871576154297,339558414,1986/01/07,2016/04/29,3217.9,2022/01/15,31
072282940957441297,9,8434120133905,721903636,1981/12/30,2021/07/23,5464.4,2021/07/09,27
119079592997626341,39,9286611138521,446070685,1987/07/29,2020/10/15,2427.0,2022/03/27,38
453765943804527561,55,8415863979676,297030422,2003/11/22,2020/12/13,2476.9,2022/05/02,38
288621579385486888,4,3283374251333,686837203,2002/01/08,2021/08/16,5642.8,2022/05/22,31
899109405578511420,66,3124890238555,972857607,2001/07/18,2019/01/10,3668.3,2021/08/16,36
699839227757347420,58,3382993362941,889991137,1981/12/18,2019/02/25,2996.9,2021/09/07,23
810823449857158295,18,2466994345849,853172290,1984/09/13,2016/09/13,2556.9,2021/10/04,20
292912018225873286,13,1431658348299,581067529,1981/11/13,2019/05/30,2489.7,2022/04/27,37
705152031659081230,26,8294320362106,991967109,1992/03/27,2017/09/06,3081.2,2022/01/30,32
100682600724577077,22,3012072889093,126910825,1992/05/10,2016/01/20,4276.2,2022/01/17,37
712881831725313402,11,4287575123440,075659218,1991/12/26,2016/01/20,5873.8,2022/04/27,23
582575316960275430,33,4638288785002,666651709,1990/04/24,2021/04/28,2926.6,2021/08/13,42
363672626768288618,23,9730503983903,249417909,1985/06/15,2016/11/21,3515.5,2021/06/29,25
092785920720801259,39,5576064124813,183124320,1984/04/07,2019/01/11,5205.7,2021/09/28,42
557375191230403555,63,3561209407052,107784252,1980/11/16,2021/09/26,3050.4,2022/01/10,24
461215374570610959,13,5946310223285,405126320,2000/09/06,2017/07/05,3294.6,2021/11/23,38
933707930897920193,10,4669260102487,137441247,2001/08/25,2017/07/24,5679.3,2021/07/02,34
732987152043825991,24,6831578365856,043096512,1997/12/12,2021/04/10,3231.5,2022/03/06,37
413542516607291344,27,2890948681841,478578758,2000/11/29,2019/05/14,2985.3,2022/05/20,36
565247033546112427,11,0737324290957,967623085,1982/01/16,2016/12/22,3028.9,2022/04/21,37
411968652361477141,53,0350479653251,098310037,1986/11/17,2022/05/21,5312.1,2021/11/15,41
421727114845398293,44,3597991404555,659062543,1981/09/12,2020/02/19,3342.9,2022/01/08,41
058933417613648647,67,0886605199284,488243819,1980/07/09,2019/09/03,3644.9,2021/12/20,42
298385630594685949,14,6361610387005,669511556,1981/08/30,2021/08/21,4520.6,2022/05/17,27
620634954339936439,4,2276471356101,036405007,1991/09/13,2020/09/18,3130.7,2022/03/09,24
920063063288859449,58,1564170718226,248490384,1996/12/19,2019/01/18,2928.6,2021/07/30,35
102410866943409737,41,4738940305889,446354608,1991/11/30,2018/08/15,4718.7,2022/06/07,31
235465516821485890,30,2721112182340,553407708,2000/01/23,2021/01/04,2349.7,2021/09/02,24
797327652444133388,34,3698036653433,648602146,2003/09/25,2019/03/24,5265.6,2021/08/26,25
797018132626787606,41,7363508060902,179341840,1986/07/15,2019/07/07,3461.3,2021/07/25,40
169431934294451837,14,2718437025897,338682767,1994/01/31,2019/08/15,5652.8,2021/10/07,36
291340969464014205,12,3319077795538,039680010,2000/05/05,2016/11/20,4033.0,2021/09/29,21
219817546223952480,49,8906757985667,689793544,1989/03/14,2019/03/17,2878.6,2021/09/28,20
460315400226099422,48,1397112347609,515980942,1989/05/22,2019/05/07,5564.1,2022/04/28,37
589770703140258396,23,4248593106207,491278577,1998/08/24,2021/06/24,2288.9,2021/08/31,35
336059468548553009,49,6035766763028,714557335,1997/01/02,2017/11/01,4919.4,2022/01/12,21
026934882830721420,68,7143163266299,988150279,1996/01/03,2016/11/06,3696.2,2021/08/19,30
910251029655353858,25,0890832650662,627841963,1987/08/20,2018/07/05,4657.8,2021/07/14,31
924486837230354387,67,4725439917711,942869612,1990/10/20,2019/06/27,3021.0,2021/09/10,38
934805012137055700,62,5732795520974,729543772,1988/09/07,2017/10/01,2970.7,2021/06/30,37
511041335496718904,49,0641509049656,915026050,2000/05/04,2021/12/06,3025.6,2021/07/02,41
300690885776941770,18,0924130273211,959134231,1999/06/13,2019/07/17,2790.5,2021/08/30,21
389282063636955674,49,6327392806947,172918802,1983/05/22,2021/12/19,3877.9,2021/11/04,26
934555758696768982,12,2718964536467,239092961,1990/04/09,2017/10/19,4065.3,2021/10/12,37
360314950379193291,49,2824869998591,154985287,1991/02/03,2018/02/15,5369.4,2021/06/15,39
497465507302650612,62,2934395822823,074762901,1984/03/21,2021/12/12,3019.0,2022/04/25,21
584896585329747696,22,4405130967445,341840935,2000/08/29,2017/05/26,2647.9,2021/11/08,33
616149225978646806,48,1135590356402,682565085,1988/10/08,2016/10/28,3126.1,2022/01/13,24
020303040528453616,68,6762293264931,323415876,1999/07/15,2021/02/21,4074.0,2021/11/24,40
467938854919382108,20,4552354490181,852948797,2000/03/30,2016/12/10,4888.2,2021/10/14,39
273934327699685959,26,1872981034105,446075718,1981/11/19,2017/09/16,4835.7,2022/04/06,40
963438588327860428,30,1222528127066,514577356,1985/10/18,2017/12/12,2331.3,2021/08/21,25
702277515210957210,20,1123864445946,639040254,2002/05/09,2018/03/19,5024.0,2021/08/27,29
070030770948568313,38,2338334998267,778972164,1988/10/19,2021/04/17,2729.6,2021/12/03,33
021305964538669407,20,6751616673666,746870274,1996/07/16,2021/11/16,2402.0,2021/07/04,39
441365935580649026,50,6319467213606,995431277,2000/07/17,2021/02/13,3549.6,2021/09/10,23
277821180338585429,40,1433089900749,127457417,2000/03/25,2022/04/02,5062.0,2021/08/06,32
438426856050096765,42,8847523257536,802486543,1986/03/17,2017/05/27,2886.6,2022/02/22,30
482182487248759830,47,7174996264215,000032796,1983/01/17,2018/09/27,4343.1,2022/06/08,31
111397835420292633,27,7152617512473,314807557,1994/04/08,2020/04/30,3079.8,2022/04/29,21
281989600027823060,33,7387092195527,856629023,1987/04/01,2019/06/17,5769.5,2021/07/21,40
896822521136826783,32,3590954258889,717331456,1998/06/29,2021/07/20,5843.0,2022/05/20,22
481792916513651346,26,7662537167953,974983008,1997/11/10,2020/10/14,5025.9,2021/08/13,23
519190980981268798,7,1771202477026,695704111,1997/08/16,2021/07/18,5614.4,2021/12/17,21
142607945913003623,40,6482764026817,357831211,1994/05/29,2018/10/07,4250.0,2021/06/16,28
524269633395991823,43,2869958142147,871688500,1988/02/03,2016/12/12,5738.9,2022/05/12,42
798585248904024210,61,4776903693679,166578173,2002/02/25,2021/09/27,4610.4,2021/10/08,38
748277814220151124,5,6140864377188,158540916,1991/09/17,2018/09/24,3892.7,2021/07/15,25
203811833015519918,45,7397513489555,275646993,1993/04/28,2016/02/16,5189.5,2021/10/21,30
397487775138332741,17,3923463982794,704080002,2000/08/25,2016/11/30,4696.3,2022/05/03,28
731392022363846842,12,5204296248520,314551770,1983/01/31,2016/02/21,2709.0,2021/07/03,34
732711765618754624,61,5091021071407,587372032,1987/02/16,2016/12/06,4092.3,2022/05/02,41
628656252527190241,52,4508349178313,538287079,1992/06/14,2017/09/21,2308.7,2021/06/27,26
552319616903059113,8,2488045673033,304860653,1988/12/26,2018/12/02,5249.5,2021/08/13,31
189025159512237062,6,1560186182252,584996965,2003/08/17,2018/11/27,3737.1,2022/04/24,23
602343314749911121,52,0922114660397,474588402,1987/08/11,2018/12/07,5420.4,2021/08/02,26
939100089246348968,46,4498309815194,859421676,1986/01/21,2021/02/04,5201.3,2021/08/23,41
089686567370640880,58,8623949807368,200384667,1997/11/25,2021/07/04,2425.8,2021/07/08,21
748561062944604641,5,8802336467866,751019462,1990/12/19,2020/01/19,3418.3,2022/04/13,29
128667735669547716,25,8968239636276,533941727,1987/10/28,2022/04/07,2606.5,2022/06/02,42
905235186309755847,46,8573847782654,490957604,1993/08/20,2020/03/11,4751.2,2022/02/16,20
706926136430446919,4,6057822842581,127606954,1987/11/20,2019/09/03,2243.9,2021/08/03,24
907272040934488584,40,0295533896326,866925734,2001/08/22,2016/08/18,4095.3,2022/04/26,39
333681179608401524,55,3788418819327,545137328,1999/12/19,2016/09/17,4603.9,2021/10/28,34
475114986479122344,47,4837028419698,633181633,1980/06/20,2020/04/26,2735.2,2022/06/08,36
536059389226162245,33,6403101710457,743754796,1991/10/09,2019/02/05,5524.0,2021/11/05,30
094927787628116235,21,2062698454670,125047264,1981/07/09,2018/03/13,5307.3,2021/10/09,31
640717968931943097,45,5860079827490,298094712,1996/04/16,2017/07/10,4209.1,2021/08/25,32
084793208352638772,45,1657342431259,399463198,1983/02/27,2021/02/16,5698.2,2021/08/26,37
950121845174607771,3,5869359088216,671429923,1997/10/06,2019/05/28,3521.2,2022/03/31,23
030319594297504249,3,9339501390369,568829036,1987/04/15,2017/06/30,4416.8,2022/03/04,34
384464946697467778,61,5934774905788,447260663,1994/12/09,2016/12/11,2275.9,2021/09/21,31
864295470759159775,24,8944405311861,650739713,2001/12/18,2019/06/18,4066.9,2021/08/02,42
388432838500995089,32,1398460269524,216296347,1999/09/12,2018/01/03,4843.0,2022/05/08,31
523842754325955943,11,0198978170898,716494788,1994/09/01,2020/08/25,3357.6,2021/07/28,32
150200250383636187,25,3742988415043,227661124,1989/09/15,2016/08/04,2937.5,2021/08/29,20
404943207060068096,10,8427303712419,708235701,1995/07/28,2018/02/17,3754.6,2022/01/08,28
308574464992103292,22,6420760028529,017502739,2003/04/09,2021/05/17,5317.9,2022/01/07,26
213388461245890537,9,7609345666751,250237575,1990/08/26,2021/02/27,5310.1,2022/03/11,20
029591109000265420,2,6462427011865,035658745,1994/03/14,2020/05/21,5206.1,2022/05/29,31
581054139814629106,37,7321800747228,993407166,1991/07/06,2020/03/29,3141.8,2021/08/04,36
385525367762138535,8,8142107485197,653197549,1987/03/11,2017/01/09,2369.6,2022/05/23,20
775444745915407435,45,2638769077700,906401331,1984/05/18,2022/03/01,3462.2,2021/11/12,41
953319111393412266,62,3705244863549,121388358,1982/09/10,2019/03/25,3779.9,2022/06/08,22
311432583382275578,34,2969034202765,484391124,1995/09/27,2017/06/06,4589.5,2021/07/22,42
535181566891217247,54,4913428130890,370575085,2002/03/07,2017/09/09,3068.6,2021/11/13,31
357794048166421059,9,9896944587911,597138575,2002/02/17,2016/09/06,5159.8,2021/10/27,29
065199803626779568,41,4591428299185,910225493,1992/06/04,2018/08/08,4156.8,2021/07/11,39
138332447764752511,40,5087272640048,462577413,1981/03/26,2016/09/11,4156.4,2021/10/20,31
532802613591452823,26,2434899346591,593086403,1992/01/16,2021/12/14,5849.8,2021/09/05,23
420248125031270459,51,7668393969299,683661335,1983/01/05,2020/04/28,5469.3,2021/10/17,37
359270061352251305,6,2164695638702,016545377,1999/04/28,2019/09/06,4541.3,2022/05/17,29
189068519748623661,7,2624708732855,789090756,1980/01/18,2021/08/17,4747.5,2021/08/18,25
360109115707300995,3,3140164877035,760125837,2000/07/17,2018/06/30,4542.3,2022/06/11,29
050075599222133561,46,2157052559510,272012192,1989/02/28,2017/02/14,3802.1,2022/05/23,20
383011676312433704,64,3461788654999,189273940,1990/06/23,2021/04/12,4851.0,2022/03/04,24
875713773126936651,32,7087701708062,901813195,1998/09/08,2019/12/25,4373.3,2021/12/06,26
321029389880617896,37,9253732498122,398654095,1980/08/25,2021/09/10,2004.1,2022/02/19,20
513947481013199604,66,8425775434656,643977365,1988/04/26,2021/09/09,2656.4,2022/03/07,22
541081798869054616,67,5524187387886,093795582,2000/01/18,2019/03/20,5617.4,2022/05/07,21
211132070316009192,15,2635217568506,906416657,1988/08/19,2019/07/15,2301.8,2022/03/17,31
089835951381024315,47,9562441456794,367924357,1991/09/03,2017/12/10,4742.9,2022/02/17,28
420615529375357365,12,7806107613364,728756244,1992/07/19,2016/07/31,4892.2,2021/10/20,30
324981490336520256,13,7731787510705,663417791,1999/06/25,2019/05/19,5629.0,2022/05/02,23
389496848856921297,51,4414546689221,881172874,1989/04/03,2017/02/04,3650.3,2021/11/03,27
090222527172527167,4,5339414126389,222135543,2000/07/03,2020/04/09,2254.8,2021/09/11,23
960166209287804004,41,5260905256554,367107216,2001/08/01,2019/01/25,3480.1,2022/01/21,38
955007606276397648,52,3574498006963,654001628,1980/05/04,2020/01/30,4826.6,2021/07/30,24
395941137881350772,23,0562881870122,529666337,1988/05/27,2021/01/04,3213.0,2022/01/10,40
985904807559848415,29,8160149357904,628321718,1984/05/09,2020/03/15,4163.7,2021/08/05,37
386965694861890437,9,1998416032457,963515528,1992/04/18,2019/09/29,3183.5,2022/02/05,39
549670819521557232,56,5876251362587,914617203,1991/10/25,2016/05/07,3689.0,2021/08/20,37
805884100431327301,53,5942130128467,456056525,2002/05/29,2020/02/21,4077.6,2022/05/25,40
078975328080032529,58,5436656606792,377327171,1982/12/14,2018/05/31,3140.7,2021/09/16,41
671622509560222977,54,6328066412514,116951931,1995/10/10,2021/01/01,2664.5,2021/08/24,33
113733864471038990,40,4191756243292,688743248,1992/04/21,2020/11/21,5122.8,2022/06/04,26
626578520638216345,25,0529244740865,007569113,2000/05/31,2017/05/15,4537.2,2021/10/23,40
193784455902612621,54,5374284393688,569596762,1997/06/18,2019/01/03,3850.1,2022/01/13,20
278839560835310929,38,0839524705770,751020787,1994/04/26,2021/10/21,5741.0,2021/10/28,27
432330514208611436,32,6600038373864,321410817,2000/02/26,2016/06/03,3398.5,2021/12/26,28
766206535131856458,51,0597483355347,873652441,2003/03/25,2019/11/12,2577.5,2021/10/06,42
390615814544769243,46,1229447297521,042069059,2002/10/05,2020/07/21,2630.8,2021/11/23,25
145153304033295229,65,2584011793491,005560253,1981/01/11,2021/01/18,4317.8,2022/04/11,37
504472641142553689,48,6628470739802,078257483,1987/01/12,2016/07/09,5909.8,2021/07/12,20
731822950757694803,68,9929474084332,700797088,2001/11/08,2020/10/30,5097.6,2021/07/06,42
197808567450133225,64,3791193600222,563952470,1986/10/25,2017/04/11,4629.8,2022/06/03,38
492332775265782690,55,2169667760872,874402125,1982/08/12,2017/03/26,2334.0,2022/04/17,37
129236162275978375,15,7354249553165,724235215,1988/04/11,2019/04/02,2537.2,2022/01/30,28
489386180691629760,13,0199630308613,446308081,1981/02/23,2016/11/12,5282.8,2021/11/27,42
669734616758270738,20,9783924539987,213801414,1981/12/12,2019/07/12,5820.6,2022/02/14,22
234536169042078323,3,4789228557746,067851384,2000/06/23,2020/04/28,2011.6,2021/08/17,34
179190806493681668,3,0856608823368,622321444,1993/04/05,2018/03/26,4733.4,2022/05/12,34
594735472280395759,2,1942818335015,636800209,1991/09/27,2016/06/14,3226.0,2022/04/25,29
714828745900215104,55,4048646368339,410320373,2000/11/04,2019/03/28,5472.5,2021/12/13,34
884062358104857221,14,6095173767657,256327652,1997/03/05,2020/03/17,3850.5,2021/06/21,26
473270260339732020,26,2086641240447,703004792,1992/03/11,2022/04/29,2182.7,2022/03/22,31
408738656096088852,50,1122268896871,979315736,1991/04/10,2018/04/28,4466.9,2022/03/23,38
102120317615228291,24,3524612474403,547350122,2000/12/24,2020/08/23,5922.4,2021/08/22,39
724103165541173159,33,4777631968600,970439110,1986/02/05,2022/01/14,5903.0,2021/12/15,22
517436850030277323,21,3944863482646,193524302,1985/07/27,2017/03/24,2009.1,2021/09/23,33
189823076676114610,36,1087406212005,926840601,1993/06/06,2019/03/23,2696.7,2021/12/06,26
278364300286363528,21,4312138444892,916474709,1994/12/12,2018/12/26,5360.8,2022/03/03,40
931626440465544741,18,9901903582595,560442667,2002/09/30,2017/10/11,5837.0,2021/11/20,20
647617208995675686,9,5963349153449,517016067,1997/08/03,2020/08/22,5453.6,2021/09/13,32
460277245600645507,3,0442756131931,161096350,1997/06/18,2019/11/29,4232.0,2022/03/18,27
937280671004603767,31,6280614524638,510053909,1998/02/20,2017/04/11,2811.6,2022/05/29,35
200290691952701477,11,7482745903941,206464727,2001/02/16,2019/12/08,2545.2,2022/03/19,20
661202075362732048,11,2368858712354,637717433,1998/04/16,2016/11/10,2398.5,2021/12/17,34
558323329766158676,42,8144162276048,517788536,1986/05/04,2016/04/03,4480.5,2021/12/03,35
557679241532261999,51,0962508387390,924376540,1999/04/16,2019/08/29,4666.4,2021/12/04,42
159753889712029535,60,0459123980533,133729162,1983/10/09,2018/04/13,5972.2,2021/09/14,40
018980860006841746,25,7136185253066,372046912,1983/07/27,2021/09/19,5519.7,2021/09/25,33
223338990984631247,27,5384986074928,372954550,1994/03/10,2016/07/13,4937.4,2021/07/28,22
721548796836550105,35,7199801364471,336037008,1987/02/12,2016/01/30,2774.5,2022/02/23,38
218801036872983584,63,5861754104401,807354229,1996/07/30,2016/03/30,5045.4,2021/09/29,33
723559019694503868,63,2879468390953,789704758,2000/11/23,2017/01/04,5854.6,2022/01/02,35
298326459068258361,23,3561190243544,258723658,2000/04/09,2016/03/11,5034.5,2021/08/25,20
661450617769620945,57,1130903084730,296335008,1996/10/08,2022/02/04,2417.7,2022/06/11,40
869392407893216866,35,2895457014941,630736626,2002/01/30,2019/06/19,3267.9,2022/04/22,41
441428045423284668,16,7168758285215,741938186,1993/02/12,2018/04/22,3889.6,2022/01/18,30
928679863616934176,17,7236356847186,088251968,1986/08/25,2021/06/29,3957.0,2021/09/19,31
669419850381613313,67,1075321016642,939283222,1980/05/19,2019/07/19,3738.0,2021/09/19,37
028999516438154014,13,5980401926259,301390063,1996/07/14,2021/12/09,3078.0,2021/07/27,23
208753334081005296,33,1822197281483,243964369,1995/01/16,2017/02/22,4742.4,2021/09/23,29
213797471747940424,59,6400104774939,963260403,1983/01/04,2019/10/05,3340.7,2021/09/21,26
796026093364468992,12,2652251474538,565071122,1980/04/14,2017/06/18,4468.4,2021/07/04,33
583319259783581508,68,3458530061476,450483874,1996/01/06,2021/06/17,5640.9,2022/05/30,29
646267057911400815,18,4216361325447,378671424,2001/03/12,2017/05/05,5348.2,2022/01/10,21
575516590684861060,4,3942250354542,151026496,1993/01/25,2018/06/14,3474.7,2021/12/16,33
255950545096723416,3,9057841247705,999818343,2000/09/19,2017/11/30,5595.0,2022/05/25,33
102715080866333082,61,9414111874551,237474201,2002/08/14,2016/11/25,2636.7,2021/08/31,30
900816568792167920,47,4072928889931,212090636,1994/12/28,2017/12/13,5112.7,2022/06/11,37
490937832112002699,12,6506750482117,005643480,1998/09/20,2022/02/12,5563.8,2021/07/12,27
498192728689311669,31,9482346670184,820529085,2003/03/07,2019/04/10,4019.7,2022/01/16,21
693287927984529959,40,9923415261193,419654053,1983/04/04,2021/02/02,2874.4,2022/05/23,32
502363049851751339,66,1248638396585,601725753,1989/05/27,2016/08/06,3225.9,2022/05/19,28
639510988801624525,31,4419283515955,686845736,1992/09/27,2018/09/07,2346.5,2022/03/16,38
940967198505054197,54,3910548978602,861015040,1980/09/09,2017/02/10,3962.2,2022/05/22,24
586983208984793472,41,3890905927332,837785488,1980/08/11,2017/12/17,5644.5,2021/12/20,33
422865904109161008,17,7989694807644,861843290,1983/02/03,2019/10/13,5822.9,2022/02/13,22
530246997063636244,4,1138727987436,612159698,1989/11/19,2018/06/03,4372.4,2022/05/14,28
485867995763630622,57,4569786881044,099061669,1980/09/04,2016/12/04,3690.9,2021/11/05,29
844947889789870542,31,6932407090334,308324301,1990/06/05,2016/08/07,2689.2,2021/06/16,38
163690624887770468,64,1899863089067,154028714,2001/04/05,2018/10/17,3950.3,2021/08/30,38
150096743504393986,28,6266886144789,297551812,1983/05/20,2016/09/23,3891.2,2021/07/30,41
005494862998403043,64,9999387770785,878652116,1981/07/07,2018/02/09,3476.2,2022/04/18,40
765883832882726094,27,8176953734817,638967738,1984/09/09,2017/07/17,4400.7,2021/09/25,28
526160914361343199,60,7035281146541,384802882,1981/12/18,2018/08/18,3385.6,2021/11/30,33
867396764186320061,63,5864931174059,162202852,1981/04/26,2017/06/15,2908.4,2021/12/12,32
366494165214639779,54,7136472080085,883442433,1987/05/26,2019/04/20,4453.3,2021/07/07,37
416826962428290542,33,6267106222664,754250177,1998/10/12,2017/04/27,3325.3,2022/06/04,34
951644120090119849,65,4767312919299,286399361,1996/04/22,2018/12/06,3082.7,2021/12/21,21
435587128064558273,4,1739994631511,515455103,1990/03/21,2018/06/11,3536.1,2022/03/22,32
964151789579166208,7,2536125431483,364549865,1984/11/10,2021/03/19,3564.1,2022/01/08,28
577058439484482675,57,5196311866310,760570132,1983/04/18,2020/05/28,2062.2,2021/07/07,37
316042985355677755,1,3399878802857,136029696,2000/06/04,2022/01/27,2081.1,2022/05/25,29
972526054940503927,29,4036200749488,336830984,1991/06/13,2020/09/28,3120.1,2021/12/16,35
652620827167509798,26,6740212279731,638955434,2003/12/02,2017/04/19,4073.8,2022/03/07,37
238878560001969271,44,4161925629929,813448969,2001/08/13,2016/11/18,5776.9,2021/09/06,41
804503200423980015,45,5913792234927,290663231,2001/01/11,2021/08/02,3901.2,2021/06/23,34
979559013084354451,60,1579106846524,426713866,2001/03/15,2017/05/07,2339.5,2022/06/01,20
244835491508332730,56,6745981071330,013450608,1991/04/26,2020/10/15,5228.9,2022/04/29,29
435775685410577910,46,2839163752254,230004887,1990/05/23,2018/05/12,2532.1,2022/06/14,30
643920630151934534,46,1332067641339,299550753,1981/10/27,2018/12/15,4027.2,2021/07/24,25
795622989095958465,37,5195110189238,465390890,1995/09/23,2019/06/01,2622.3,2022/04/23,24
479858714395025036,5,4677786584668,838490220,2001/10/15,2016/05/23,4411.2,2021/08/05,29
104427026468697871,50,7677250697537,169435536,1996/08/09,2019/07/02,5185.1,2022/03/06,31
932793228725812902,60,2167474497301,464091716,1980/12/04,2020/06/27,4559.7,2021/08/26,41
459770649411923468,51,6503656196802,223508856,1982/02/06,2018/12/05,4187.1,2022/03/16,31
727812306173037895,57,9983412221475,018391142,1990/09/04,2017/02/22,3117.7,2022/01/09,22
011815634042638291,28,4750970993289,453523040,1997/01/01,2021/06/11,2935.6,2021/12/27,22
987697570114552827,41,6808100319494,410388218,1998/10/22,2017/01/04,5131.9,2021/11/28,39
431746167051766574,61,1603289192652,261718091,1981/11/23,2020/01/22,5853.0,2022/03/11,27
536506006327210639,24,4130761825233,120156383,1999/03/22,2021/02/13,4145.2,2021/09/02,39
691935241577306254,38,8819465996155,852887081,1992/05/24,2020/10/10,3742.6,2021/12/21,24
919698190546501377,20,2943836016764,695027879,1987/07/17,2018/05/21,5093.5,2021/10/21,24
553542319052769060,35,0940150909272,701035320,1990/05/30,2016/01/13,3725.6,2021/10/28,20
500826028967532354,49,6138016498481,598167199,2002/08/08,2021/08/02,2842.0,2022/03/08,20
889410287887331519,61,9779263574200,739485698,1982/11/22,2021/12/21,5941.9,2022/03/13,36
120766223163400867,43,0309484057984,722739988,1985/05/25,2020/06/24,4922.5,2021/10/06,38
413878569614302321,8,0513176312341,566973069,1984/08/23,2019/07/01,3418.3,2022/04/01,25
779001356593646870,23,7426229155165,100599036,1991/10/20,2021/09/25,5631.1,2021/07/19,28
545363859040126048,13,2965434344041,865574406,1993/03/01,2016/09/11,4669.4,2022/03/16,29
856856066761797068,62,5326267893018,782881911,1996/12/05,2016/09/18,4085.1,2022/01/20,31
230839625084654904,20,2640608219857,804080641,1984/02/08,2022/05/16,2242.5,2021/09/16,23
839956795086307777,32,6899923816491,384104020,1995/01/09,2019/10/02,3425.6,2021/10/19,35
747976233270247078,19,8029078863681,962818087,2000/05/15,2018/12/25,4487.5,2021/07/22,29
715502718587934677,20,5621155717711,157757827,1988/12/31,2019/05/07,4731.0,2022/04/26,37
999378941385602238,55,0399998971880,870439481,1981/08/15,2018/02/24,2257.5,2021/08/09,37
970191109480741679,10,6452744206140,138062000,1994/04/02,2019/01/01,5450.4,2021/07/14,35
296756155913317510,47,7315216395994,156241433,1999/09/14,2021/07/01,3527.6,2021/06/16,38
170453802783086028,39,4458876555652,221328668,1987/05/29,2022/04/23,3983.1,2022/05/03,31
872536408402111811,26,5345041009473,704704275,1993/04/12,2017/09/07,2651.5,2021/07/02,26
714548180148833725,14,2253193700611,464864648,1998/05/09,2018/03/22,2229.1,2022/02/26,31
892459731596800434,52,7163854368360,734084903,1984/04/28,2016/03/17,2917.2,2022/01/10,39
000392493218595027,39,3622265575870,288622827,1990/01/08,2016/03/19,2693.5,2021/09/18,26
637518558733093590,23,2676646072444,462845080,1988/08/17,2017/10/20,2606.5,2022/05/19,28
585245478433659764,10,9428989836625,016408871,1991/06/08,2021/02/01,2778.7,2022/01/07,24
850012755790280876,24,7146646752750,282299454,1999/05/29,2016/10/25,3770.8,2021/10/15,36
791262474192821616,57,2449992885994,054677782,1997/06/26,2021/08/14,5768.8,2021/11/16,23
914669767101827097,61,7173400954554,538231507,1989/04/21,2019/06/30,2089.0,2022/01/18,24
737248022045326274,8,5230881593805,171981548,1989/02/16,2021/04/22,2039.1,2021/12/27,23
465773151057709435,52,7124737778936,794332804,1995/05/26,2016/06/04,5253.8,2021/06/22,41
079300940191212332,7,9004230417131,705995396,1994/04/05,2017/04/02,2031.9,2022/05/22,24
070307453181822437,38,2972950613264,610749963,2002/03/09,2019/06/01,2771.9,2021/06/30,29
887616506246288839,33,9109886323463,888147325,1990/04/06,2019/07/12,3184.3,2021/11/27,24
359246751782826139,37,9582062470505,695316455,1997/04/17,2017/07/07,4354.4,2021/09/02,38
780446877536053717,46,2756039591603,223501072,1998/05/05,2016/01/28,5519.6,2022/03/14,21
287945360620028857,37,2490232221251,055056097,2001/03/02,2020/01/02,4662.4,2021/11/08,38
894808064101931649,29,3805473040372,118367129,1997/07/04,2017/05/17,2145.6,2021/09/14,41
933906987864398818,45,1983577313757,434185104,1981/05/05,2018/02/24,5963.5,2021/10/28,30
014188798190435268,19,3668093646730,866546004,1992/03/23,2018/12/12,2815.4,2022/02/21,30
941096190717411302,19,3683513518300,094254553,1989/07/08,2018/08/23,3970.0,2021/12/23,39
227899755678922799,40,9622505704626,875822543,1999/01/21,2019/08/09,5568.0,2021/09/03,38
861946698398729966,2,4925325955150,057257624,1983/09/10,2021/12/14,2939.6,2021/09/01,28
015192901671160578,45,6463307317453,730469701,2001/03/13,2020/03/21,3847.3,2022/02/15,28
571689244185813031,15,8867345601147,610782775,2000/12/31,2020/05/06,2979.1,2022/05/13,36
038109588937917918,51,0179236564890,446008502,1991/07/06,2020/07/30,4136.9,2021/08/13,25
817267828169406241,32,3440036037197,641952528,1988/08/01,2022/01/12,4203.7,2021/12/06,34
345100046693505455,32,4564411336395,805139617,2002/04/26,2021/08/23,3525.9,2022/05/29,35
571339425864150343,21,7651466278152,349293690,1993/02/27,2016/12/31,2630.8,2022/02/24,26
948984396011975092,31,7768916314982,396829182,2002/05/27,2017/10/26,5938.0,2021/07/29,20
255323287698267945,55,0576883481715,288951175,2003/06/12,2020/04/03,4912.0,2021/10/13,35
948522101858039571,17,0787112920874,498327975,1994/03/05,2016/12/10,4065.7,2021/06/20,26
250123058192521076,17,4787058687807,429416983,1994/01/21,2021/09/30,5030.4,2021/09/07,35
849823306364628876,11,6790446946206,649440254,1993/08/03,2017/06/27,4903.7,2021/07/02,35
328231003827728506,42,5213788371708,159366216,1996/12/16,2016/03/27,3878.1,2021/10/20,41
025253821443662134,37,6997727788327,835231380,1982/06/06,2019/08/15,2597.4,2021/12/28,42
211242428681606886,37,1606030937034,987780346,1980/12/20,2021/12/24,4929.8,2021/10/08,21
846662707194959124,52,4294899025377,327417671,1985/10/10,2018/05/18,5462.6,2022/03/21,26
336226167352210595,31,1245254234738,792220734,1996/08/22,2017/05/26,2001.3,2022/04/22,37
315713856742637774,2,6970569968844,070480202,1980/11/25,2019/12/26,3603.1,2021/09/08,40
519340403810055134,62,7301331838228,480041618,1990/08/23,2017/08/20,4777.4,2021/06/26,30
640945320564247901,43,4310789692840,724089753,1991/04/17,2020/01/01,2239.7,2021/10/26,39
240011517512891669,51,9081436674086,107045165,1992/02/19,2020/10/14,5624.6,2021/09/26,27
582561961003489441,14,2733333162701,622114654,1997/02/07,2021/04/30,4274.2,2022/01/14,34
198794452224914492,5,6275927892172,460621779,1992/10/04,2018/12/29,5134.1,2022/01/08,20
147037634412055735,31,9236277462144,753003766,1987/12/29,2016/11/01,3401.8,2021/08/31,42
261788721535389354,67,6670543490825,768501037,1996/12/30,2020/07/15,5827.4,2022/01/08,27
279694054288794771,58,8328910659916,585763545,1988/10/25,2017/01/08,3058.0,2021/09/26,37
515153471678287297,63,0565887788979,967015959,1991/04/22,2021/09/10,5532.4,2022/05/02,22
768342892972580094,38,8920096600806,709509961,1983/09/11,2021/06/25,3237.1,2021/09/20,29
726487026289026715,67,7701955879014,317235193,1996/11/29,2021/11/04,3345.5,2021/08/21,23
197514555507175483,58,5265525133230,750791178,1990/12/21,2018/02/10,3396.3,2021/10/24,36
797208527962642841,67,3844414830346,038248197,2003/04/21,2016/11/03,3537.5,2021/07/03,37
290354213996363787,3,1482772933556,725719479,1985/04/21,2018/08/22,2180.5,2021/11/28,39
305159254699311031,13,8289544887993,981444352,1998/04/11,2021/01/29,5017.8,2022/05/02,32
884196508857184821,59,7023674478406,923462068,1994/07/06,2019/11/19,3606.0,2021/11/28,29
789839210880016730,10,4779478529638,752480937,1998/02/24,2019/01/19,4343.9,2021/10/24,28
794284295151902024,59,5234307894271,331122664,1984/11/06,2020/05/03,3929.8,2022/04/30,35
341232128723366260,47,1021605969157,769705183,1990/09/07,2017/11/28,4559.1,2022/06/11,26
221016608523649137,63,0539642588778,805725640,1981/11/03,2019/07/25,4675.4,2021/12/04,41
162772872664724971,58,0395548848332,911269846,1987/02/21,2019/04/11,4126.0,2021/11/06,28
608589824973896672,19,2490409898635,334883264,1991/06/28,2017/01/28,4864.0,2021/09/28,29
703147146611863821,32,1583988371886,784369110,1986/05/07,2017/05/04,3549.3,2021/09/14,21
966056589738992359,29,5748494796441,752431999,1987/11/15,2018/07/17,2004.9,2021/10/27,37
273430676210954421,7,1765391867758,993981596,1982/01/06,2021/11/16,5794.9,2021/09/28,23
640126744142405208,2,8646000338831,717720713,1980/01/10,2019/03/31,4088.0,2021/11/13,33
841780289728886342,52,6619545143034,516520177,2003/04/14,2017/07/03,2398.5,2021/12/20,27
837402832392396529,22,5985891696322,101498794,2000/04/14,2021/03/11,2825.7,2021/06/23,34
227030176204759030,2,0755158984739,719673352,1993/09/15,2018/09/26,2220.9,2022/02/04,39
054809080358954764,34,9911144197410,948004019,1986/04/28,2017/04/23,3028.3,2021/11/07,40
887408559682714132,2,5396614744492,193639581,1988/04/26,2016/08/11,3248.7,2022/05/21,22
292920569497657776,5,4802918694901,971110717,1996/01/23,2019/02/04,2598.8,2021/10/14,39
872919716518295024,41,4060947220162,918253014,1985/09/27,2018/01/14,4597.4,2022/04/21,35
937065611531300132,31,5762811416395,032510365,1992/12/27,2022/03/10,5794.6,2022/04/19,41
104309255549835950,67,1739830745311,474194750,1999/06/18,2018/10/09,4241.8,2022/01/25,21
419507783858607009,10,4839730517033,814394436,1988/03/29,2017/10/31,2364.6,2022/06/03,26
914404928092977276,64,5997740038714,018893863,1990/03/13,2018/11/25,3621.6,2022/01/30,42
292738301527517118,31,6925428046929,548188234,1988/01/11,2018/06/10,3349.7,2021/07/22,29
351912357873224340,10,2678714097148,589676283,1996/05/14,2016/01/06,2857.3,2021/08/30,34
683939110444293668,45,5269313806880,700327798,1986/10/22,2021/03/19,4566.8,2022/04/18,25
383231070327873030,16,7983851880690,328642224,1999/10/31,2019/05/31,5874.3,2021/06/26,27
290882793120175214,20,8567265028270,532839179,1999/02/21,2017/04/09,3510.6,2021/12/27,32
855604394257998520,67,8114939210794,727742213,1984/03/30,2021/04/02,5991.9,2021/08/22,42
775026241915439556,27,6347246421788,695000765,1999/02/24,2020/11/26,3653.0,2021/06/17,38
634944881027430271,61,8603474048577,759018629,1996/09/04,2021/04/01,3792.6,2021/06/16,29
686179025904917575,38,9851642054306,332640402,1990/07/29,2019/12/19,5528.8,2022/04/18,22
685675301294750319,8,3331814983635,052524122,2000/04/15,2019/01/22,3494.0,2021/08/20,32
049130551348779216,19,4321764973855,898009259,2001/02/15,2021/01/18,4945.9,2022/01/24,22
411535227027748759,21,7655690036392,679320348,1992/05/02,2018/01/27,3114.9,2022/03/10,22
243056697636846813,20,7667805340529,435991770,1988/11/19,2018/12/29,3428.2,2021/12/15,22
852211053632276655,16,8824419945601,890016432,1989/12/03,2021/08/12,3853.8,2022/04/05,34
634238512014178451,35,4818088388535,600812687,1997/09/20,2016/10/28,5052.1,2021/10/01,40
879595620723544152,34,7298173497355,234151355,2003/05/19,2019/08/28,4629.3,2021/11/21,31
835797141706966616,16,6450894709000,333631758,2000/11/14,2016/07/30,4932.3,2021/12/23,33
686383788377348727,32,1146204255069,301091941,2002/05/23,2017/08/01,3787.0,2022/05/06,24
697084409494523219,49,0416411330985,608723556,2002/04/27,2016/02/09,4624.5,2021/09/08,35
151378697069077187,44,0207493027349,981980288,1992/11/16,2018/02/07,4038.5,2021/08/30,33
602305570950821074,46,8623145594800,245644072,1992/08/03,2021/10/19,5738.6,2022/02/02,36
399731420033338491,60,6155511589192,282822156,1983/03/31,2019/03/24,2366.7,2021/10/16,36
343063361782000030,63,9613104563287,547485846,1993/08/16,2022/04/28,4439.6,2021/12/13,29
723656863878882568,46,8950369678736,074625734,1980/08/13,2017/11/12,5692.9,2022/01/20,31
774965537466965168,18,6137746121315,221666894,1991/02/12,2021/11/22,2192.7,2022/04/19,26
262966687344355493,61,6027566832026,183558728,1998/03/18,2016/11/20,4365.7,2021/11/29,42
285435702359884609,58,3654766623735,185895187,1992/07/10,2020/12/06,4897.7,2021/09/15,20
193391549744311389,21,5400034101507,025009220,2000/12/07,2016/08/06,2050.0,2022/03/14,24
258206177702306421,42,2064570645453,291115879,1981/07/20,2016/08/24,2050.5,2022/01/20,22
233362769164260053,18,2571001736010,903452675,1991/10/01,2019/11/13,5234.3,2021/08/27,22
304705534922334111,40,1795338965115,132178900,1985/10/11,2016/10/12,3672.7,2021/12/01,33
489575536080727153,32,8548602787432,047726845,1985/12/08,2019/08/23,5481.4,2022/03/09,28
832249376986972891,7,7501934588175,946731816,2000/04/22,2017/06/22,5184.0,2021/09/26,36
194000007096593294,32,0595898873610,545361301,1985/05/09,2016/06/09,5653.0,2022/02/27,21
718981193994334381,16,2237566039513,799540489,1980/12/08,2021/04/26,4726.3,2021/08/23,28
984361092537420004,42,4234756187686,947513826,1992/10/10,2021/03/05,4148.6,2022/02/07,35
098117417231176074,60,1246656509466,976322383,1986/07/07,2020/08/17,5167.7,2021/08/30,26
746144280744998832,31,8938209023354,747349409,1997/06/26,2016/04/03,3507.9,2022/01/18,31
304312135391360484,9,4577746350162,131278220,2002/05/05,2021/02/16,5715.9,2022/05/15,42
576668566716314929,57,1663233579492,061323787,1996/04/21,2017/07/06,3518.7,2021/10/29,21
283629155790048214,25,9249454681136,217533265,1997/05/30,2020/07/01,2125.4,2021/11/03,23
466265133867413988,6,9543199197316,512210511,2002/08/02,2020/05/17,4793.1,2021/09/05,30
769085705082455303,17,9701632775563,195225062,1991/07/19,2017/02/20,3956.6,2021/10/21,27
415082583542478770,62,5776844767749,093224088,1982/07/14,2019/10/16,4908.3,2021/07/24,38
963243293517658796,43,6871711254722,144750508,1999/07/15,2018/06/28,5835.2,2021/07/10,27
233394646029018872,35,5318387569577,358711959,1989/11/21,2017/01/31,5110.7,2022/04/16,23
570094308210721458,42,2897280317522,853586319,1995/04/25,2016/03/12,3592.0,2021/09/21,31
059231757603840378,63,6832166612768,368035491,1990/04/22,2016/07/02,2153.1,2021/09/07,35
857829697106323346,35,5965912511033,359684714,1981/10/16,2020/02/10,3690.1,2021/09/05,32
816069755915437975,62,3646887802843,519760497,1981/05/04,2017/01/13,5385.1,2022/05/17,40
938654445426537750,29,0398399242057,222351611,2001/11/28,2020/05/25,2621.4,2022/04/19,36
959628641220874061,34,3514347950601,305224335,1984/01/29,2021/12/30,3488.3,2021/11/15,34
704706336683101251,45,6677225232525,747527362,2001/07/28,2019/08/06,5241.6,2022/03/28,25
582411199881119131,41,5042928698455,788306712,2003/06/11,2022/02/17,5094.3,2021/08/23,40
309573857633178098,24,7312013607591,541555215,1993/08/02,2019/12/31,3971.9,2021/07/05,38
484075115875197313,64,8303425976317,583865192,1988/01/28,2018/02/09,5672.1,2022/04/07,35
854657424917437250,47,8158550439637,904109608,1991/07/17,2021/10/09,4930.2,2022/03/12,24
271576361995450991,36,5164449746793,697114526,1999/01/10,2020/01/07,2280.5,2021/07/03,22
198735228874159468,7,3992047368412,650762595,2002/08/01,2017/08/05,3075.2,2021/10/15,30
649575864531238541,5,5331992561086,197642191,1996/04/03,2017/06/13,5338.0,2021/10/30,28
622162961107520378,1,4411131145425,382961938,1983/11/23,2017/04/27,3255.5,2021/10/05,27
491816088076895707,51,8632040610447,337606113,1999/09/20,2021/02/05,4417.3,2021/09/03,23
435656274341211384,8,2202694649116,154033597,1991/10/10,2021/09/19,2009.4,2021/12/21,30
651640638701212782,6,6635694007631,436707038,1981/02/19,2020/06/14,4471.0,2021/12/03,36
484038218306268963,50,0245823990902,892067537,1999/04/11,2016/09/30,2365.4,2022/05/02,36
978398581597621919,46,4968963439442,576505102,1992/12/11,2019/04/06,4315.9,2022/01/19,28
788650051786618038,61,6317878148499,045616084,1984/12/16,2017/06/30,4931.4,2022/01/29,20
706498462202289873,2,3433006277214,618340846,1999/04/13,2020/08/13,4039.5,2022/05/24,38
200895188045508215,40,1814499442340,712939039,1986/10/17,2022/02/20,5264.0,2022/05/15,36
952397880661373836,68,5907593426895,721360360,1998/07/30,2016/08/11,5695.0,2022/01/17,42
311016519662801608,51,5055293553251,659949130,1993/10/16,2017/09/01,4571.9,2021/08/18,33
291232045931380088,28,0257462343433,129704656,1990/07/10,2016/04/17,5252.1,2022/01/11,24
273297233363963697,16,7452864527298,408499034,2001/04/14,2018/05/12,5030.7,2022/05/20,26
621613798237720550,38,5643441618848,217458450,2001/12/25,2021/12/18,5099.1,2022/01/24,30
389676984322634700,53,7882620158591,655805593,1985/02/23,2017/04/08,2511.6,2021/09/15,29
225500847928670110,44,4648029647085,487673634,1993/12/06,2019/04/13,5162.0,2021/08/30,30
405183459936575174,48,0807816530424,223822909,1998/10/27,2020/09/04,2629.5,2021/10/10,37
073275327253698272,13,0906779517554,088590458,1992/02/29,2020/08/18,3652.3,2022/05/09,31
000169344749246513,54,2844445928099,468149523,1985/07/23,2016/08/03,5416.4,2022/05/21,33
271688182017545805,11,5654050403724,220819968,1984/06/05,2020/07/04,2804.2,2022/03/25,24
731630775506236503,51,4105600430598,547832817,1981/06/11,2020/11/21,4245.2,2022/01/28,23
386408936468614129,42,3600300639268,037495980,1995/02/21,2016/06/30,2390.5,2021/12/19,20
659890929846675543,2,6245083292161,921388937,1999/06/15,2021/04/29,2164.8,2021/07/30,27
227370716037864721,16,6334224681904,742077519,1988/05/19,2020/09/14,4892.0,2021/09/09,29
792225934381813681,49,7722494263604,118421124,1980/01/26,2016/03/05,4822.5,2021/11/15,36
354195903290595341,2,4812441838447,247138937,1998/03/16,2018/08/03,3892.3,2022/01/03,37
779559268193053794,49,6289832113243,194836221,1998/01/16,2018/06/14,2083.9,2022/04/10,36
634105596386534180,40,5164042574794,333724550,1983/12/25,2019/02/14,3190.6,2021/07/10,38
574328170070379085,16,6042206717508,830902802,2001/08/22,2017/08/16,4237.8,2021/08/10,26
545627132387821594,30,2242958925680,021097521,1991/11/25,2017/03/30,5476.3,2022/03/22,28
205611986999769703,54,6868094790338,288210299,1981/12/26,2017/09/06,2302.3,2022/06/13,24
917175090698670993,6,4276119879535,088231292,2000/01/02,2018/03/29,4615.2,2021/09/19,21
633736485295799413,68,3306928387683,394756500,2000/09/16,2021/05/14,3230.9,2021/10/11,37
236966957253989384,39,4050960278111,002810196,2002/02/27,2016/05/23,4181.8,2021/07/08,37
656088084818394843,19,5170323650313,747830624,1997/10/12,2019/05/21,4458.4,2021/07/10,27
978676238473742689,18,5780843400973,687575738,1995/06/08,2021/02/22,2728.0,2021/07/07,36
359982236585977786,8,0596715963952,394956694,1991/07/17,2019/12/22,3703.1,2022/01/11,34
772776496428848067,36,1541547956511,909835673,1988/09/18,2018/09/27,5300.3,2022/04/13,36
520960943004143036,24,1144987467460,209476038,2002/04/01,2017/09/10,3970.2,2022/05/09,21
516968297703811010,6,8514615004952,683995311,1986/04/27,2020/08/05,3346.0,2021/08/21,41
473676965693169095,65,4206347552682,971667046,1980/10/03,2016/08/06,4469.3,2022/06/04,32
057850743867055772,15,5415952905806,519957312,1988/08/17,2018/11/17,4804.7,2021/12/31,31
306058228853780959,60,4520386695535,144053549,1988/04/04,2019/06/13,2930.6,2022/01/26,42
772908079257679132,68,5813159530102,164942141,1980/08/12,2016/10/15,3972.9,2021/10/05,38
398015196936628986,32,2868797271409,545700651,1990/05/23,2017/10/09,2077.9,2021/10/12,41
114012105930830998,55,1037131792640,143034576,1991/04/17,2016/06/06,3202.4,2021/10/09,38
011139021971642857,25,3573322770639,568126129,1990/11/29,2017/05/16,3761.5,2021/11/15,23
791838501002797129,34,5442626910755,310485958,1992/12/26,2019/09/12,2326.0,2022/01/30,20
054871570806648498,48,3053353687370,789592619,1988/01/18,2017/11/17,3691.2,2021/06/25,38
538252549118106637,23,1324884311580,324485108,1990/09/16,2020/02/16,4798.0,2021/08/18,28
504832723298939354,36,9030164240589,295832670,1998/03/23,2018/09/27,2943.5,2021/06/26,28
890667978656819077,60,6393492468814,620531393,1984/09/09,2020/12/22,2725.6,2022/02/24,27
168001853740316068,43,9644454400725,038698903,1999/09/09,2017/05/04,4106.5,2022/01/14,27
564144755823628265,37,2440905706844,191730750,2001/09/25,2019/03/20,4126.9,2021/10/08,32
568236903049385533,25,9934619858115,594751839,1996/02/29,2016/03/24,2309.9,2022/03/18,31
821100727899172070,66,7189223324032,751659457,1998/04/18,2018/02/23,5805.4,2022/05/16,39
574118798647892085,51,3172593942515,573057895,1996/01/31,2018/12/19,2089.8,2021/07/04,27
927396635915478101,39,5441870686281,861383286,1991/11/07,2022/05/06,2463.1,2021/08/11,28
028593359406282165,36,5602921801348,337355914,1996/07/26,2022/06/14,5463.0,2022/05/08,23
473117850390559692,29,6203500148639,329063236,1982/02/18,2019/01/29,5293.2,2021/10/10,26
612873886605643614,38,4032553681284,891799060,1986/04/23,2016/11/17,2820.4,2021/12/18,36
953750200771646488,17,6846508268562,117563632,1991/08/12,2019/03/16,2650.6,2021/09/19,41
711383920368129977,28,7267673215752,679996320,2000/04/24,2019/10/10,2748.2,2021/12/02,30
385693357867313171,54,7151484180844,402373839,1995/06/16,2021/01/26,2848.5,2022/05/12,37
053817371877845526,34,0413573039679,391114115,1997/04/20,2017/05/31,5541.5,2022/04/24,36
774924669078655355,33,7251422244893,893604531,1998/05/28,2020/07/23,2961.8,2021/09/25,27
112060989156520881,24,8921980511547,498589175,2001/09/06,2017/06/27,5596.2,2022/05/11,37
162835669127625577,54,4196590541870,777764600,2002/08/20,2021/09/29,5950.9,2022/05/07,22
410503764259405323,66,4277045019353,132409470,1981/09/03,2019/12/09,4593.3,2021/10/15,32
044036179387690357,9,9599038360346,440572061,1995/01/11,2021/11/02,5670.6,2021/08/09,30
135780811378216386,57,0788629427916,416355895,1986/12/06,2018/03/08,5757.5,2021/06/17,25
801053766602960204,30,3696518256297,185391204,1985/08/11,2018/01/18,5519.0,2022/02/15,22
636252322634886556,46,8998673165325,527533388,1992/05/29,2017/01/19,5476.4,2022/02/21,21
453403361910996564,2,9187268589844,049981897,1985/09/13,2016/08/27,5808.7,2022/02/09,31
509164738369759993,36,2697050058624,476143939,2000/03/29,2018/08/29,2459.0,2021/09/26,32
748087215456862142,28,1651894138743,393579446,2003/08/30,2018/05/13,5836.1,2021/10/27,42
426330038843986577,19,3219221692970,598014627,1992/12/21,2019/03/16,2515.3,2021/10/18,26
564445446319305051,67,9844717844404,465231372,1996/01/19,2017/03/24,2092.8,2022/03/14,41
689455987867882888,42,9792871094925,470354132,1986/01/02,2016/11/26,3807.6,2021/08/19,37
334556184408323703,4,1205122265494,475876499,1982/12/14,2021/01/05,3054.0,2022/04/30,40
321364060970102411,64,7973534348469,772242412,2002/04/20,2018/07/19,2630.6,2021/12/02,21
959377342014526182,66,4848075366992,810989537,1988/05/18,2019/12/25,4362.4,2022/03/08,37
584382279223010100,37,2332323540863,615599633,1994/06/19,2017/09/28,2360.8,2022/02/06,26
797718597694959878,1,7595521939172,444500944,1989/10/08,2018/04/17,3663.8,2021/11/20,22
905878548861641765,42,2025919759735,349045830,1980/02/24,2021/09/09,4656.1,2022/04/23,25
182170683196137360,58,2046756214300,160698782,1980/10/13,2017/12/13,5552.8,2021/09/11,38
880642998422733075,55,4292833200708,902417769,1999/01/19,2019/01/04,4497.7,2021/07/30,34
243302624839002925,38,2263070130381,983626529,2003/10/20,2020/08/02,2703.3,2021/11/10,32
251206867732423605,7,2336977059947,479181460,1990/04/14,2018/03/12,5577.2,2022/01/30,30
883125191833730337,30,1041152314985,540750688,1999/07/25,2016/01/23,4526.9,2022/01/21,27
401856546055929433,14,4247143593383,557831409,1981/05/03,2022/02/28,3099.8,2021/12/28,26
556132697656300522,36,0796673770486,385517099,1981/11/02,2016/08/16,2444.7,2022/05/14,34
028805928829012775,59,7552011497612,804769180,1985/09/16,2016/11/14,3156.4,2021/12/09,22
048809462388813779,22,1833749746951,901740846,1987/11/08,2019/10/08,3414.3,2022/03/11,36
034150626088017824,62,4380537756542,678795576,1990/11/29,2016/11/09,2270.6,2022/04/04,41
244646532849356826,28,7676878634100,071177019,1999/05/18,2016/03/27,3723.9,2022/01/21,28
933889090563796096,11,8505318648605,040981987,1998/05/16,2020/07/03,5261.1,2021/08/10,25
279491106205693036,9,9622879094392,653252522,1992/02/27,2019/08/21,3812.9,2022/02/24,33
806831976033816952,63,3478832154932,024120397,1984/06/21,2020/05/19,5951.8,2021/12/12,21
113865182105399170,13,5349233393622,248254383,2003/11/17,2021/07/14,2781.8,2021/08/27,34
823717383688587472,50,8167490584578,037572822,1994/11/17,2016/10/08,5869.4,2022/04/23,20
175375187073421962,64,5261023832953,647101904,2002/12/06,2018/09/27,5287.9,2021/12/29,21
780919889661572592,54,8070889368126,336034687,2000/06/12,2020/10/22,3396.0,2021/07/26,25
108561232362502842,46,5254289930402,894320485,1985/11/19,2021/08/27,2052.1,2022/05/16,33
362300453571046520,21,4263614302716,134741460,1983/08/19,2021/04/04,4113.2,2021/07/14,37
186360842364979101,10,2017338959734,922032423,1984/05/14,2017/05/28,4516.6,2021/12/24,30
287947266374656391,11,7682013408610,997486879,1992/07/04,2017/07/09,2070.0,2021/12/14,22
033169176996261058,53,6750825564287,445318098,1980/01/13,2016/04/09,3247.4,2021/09/15,22
529663915789642253,27,9920889317788,793454833,1996/01/27,2019/10/20,2702.3,2021/09/12,23
062057110020455962,33,8122196460482,385723379,1994/03/11,2017/05/21,3310.7,2021/11/16,26
425409500732362100,45,4434238108414,800807998,2001/01/28,2017/06/17,4683.1,2022/06/01,32
950163437431164302,47,7535489068082,644043012,1987/04/08,2020/11/27,3575.4,2022/01/03,29
056730854175332172,34,5546989540513,448609571,1992/12/19,2019/06/25,4440.2,2022/04/11,24
889597274050080168,66,6866057088558,263918629,1988/03/24,2016/03/21,4459.9,2021/12/08,29
168160326880914004,57,2282859950337,192107722,1993/04/22,2021/11/14,5182.5,2021/12/22,29
158164688581800963,44,7914400980863,986849034,1985/08/18,2019/03/18,3414.6,2022/03/01,40
773012144223262269,61,9726341563501,248577074,1985/02/05,2017/03/05,5724.4,2022/01/30,37
331419613196506304,68,4759620931474,720729760,1991/03/09,2016/10/15,5172.6,2022/03/04,42
351895579016067172,13,8781770157961,637327325,1987/12/21,2016/01/09,5095.5,2022/01/01,22
318225364934323511,54,1581006694623,318003038,1986/11/16,2018/02/25,4237.0,2021/07/03,34
887536464069965473,9,7642485267078,614001881,1999/04/22,2019/07/30,4287.2,2022/01/16,32
484417642829337447,21,2347776627693,433285804,1984/10/07,2021/06/06,3977.5,2022/03/29,28
545384271177387271,61,9617857557051,610064334,2001/07/03,2017/03/26,3276.9,2021/08/05,24
221615653866173250,31,6719551753801,055767403,1980/04/06,2016/09/25,3951.8,2021/11/24,38
881347591090860628,64,0059875172912,234036179,1997/09/10,2016/03/30,4556.4,2022/06/11,25
258646683661167585,7,5284576497597,356044215,1998/11/26,2021/10/10,4318.3,2022/03/25,33
443426604417651775,2,0861459866544,867660428,1990/01/11,2017/10/20,5709.6,2022/01/04,20
162465647940060958,28,6924613336440,292485964,2002/05/30,2020/12/28,3309.8,2022/03/17,26
787054428621932681,1,0358631208323,316510129,2001/08/05,2020/04/07,4894.2,2022/01/29,24
012439958236816635,40,9600502128066,132506163,1985/03/12,2021/05/20,4197.1,2021/11/15,40
580840522356308325,46,3358614363473,970842273,1999/05/29,2017/01/03,2875.3,2021/07/27,38
111480971415637967,51,9794735539367,960790433,1987/08/11,2021/04/16,2068.7,2021/12/15,38
872543160432597895,47,3551347041760,253971977,1985/01/30,2022/04/07,5298.3,2021/09/16,33
686119578994105124,51,5154247982462,957851186,1995/03/27,2020/03/07,4704.7,2021/11/16,20
908949627827348311,8,7367512597268,554563734,2001/06/23,2017/02/13,5123.2,2022/03/31,26
837591220348389836,64,4837734578418,520723712,1994/07/25,2018/11/05,4134.1,2021/09/27,33
830376428788152185,45,7219306552742,440694306,1984/01/15,2020/01/11,2734.5,2022/06/07,33
468387261024239154,5,9214120992153,658221019,1982/03/27,2018/05/11,3763.8,2021/11/14,29
051784688582422953,8,0834719397299,432924119,1984/10/06,2022/06/12,2708.6,2021/08/05,34
379204201079324709,15,8654933034202,925945748,1997/10/10,2016/03/25,4791.1,2022/02/25,30
270257378844031272,14,8216950769729,964904536,1991/06/06,2021/09/08,2679.1,2022/01/11,42
205461703706259568,19,7985863389818,996111843,1988/07/31,2017/01/18,2326.3,2021/12/17,38
791705061480939205,60,2124424421477,117648271,1980/01/04,2016/12/13,2980.0,2021/06/26,36
349492916710042320,47,1654442845225,296045585,1987/08/07,2021/12/08,3368.5,2022/04/22,37
115952517172351480,66,1860949958020,692895587,2001/05/25,2021/09/25,2201.7,2022/04/21,21
981211087936511955,56,3532873858833,619632438,1991/12/15,2019/08/06,4861.6,2022/04/28,38
609417533955308688,15,5164478190321,735174008,1997/03/10,2016/11/21,5015.5,2021/11/16,30
324077670955929221,28,6167389412322,282143567,1989/02/22,2017/09/05,4618.9,2021/12/12,22
389457316905949596,65,3561913014798,180064851,1983/03/05,2020/02/24,5015.6,2021/12/05,30
282232873544039121,47,2137438953738,617376270,2003/10/09,2018/08/10,5647.9,2022/03/10,27
406712848415699518,52,1134005113219,792685818,2003/12/22,2021/01/07,4093.2,2021/10/04,31
822361954515898166,12,4558576523133,556466107,1982/07/10,2017/06/28,3414.4,2021/10/29,35
159546525606062995,41,8732518976714,209263275,1998/06/29,2019/07/01,2113.5,2022/05/27,37
603790814435071277,36,8326518483162,883121204,1982/04/01,2021/12/11,4148.7,2021/09/13,41
541093396928683800,31,6581377563054,843071719,1996/08/30,2018/03/07,5459.8,2022/01/03,40
070216238352069516,6,7056221066680,033373722,1988/10/11,2020/10/19,5522.1,2021/09/05,34
902247704996383429,29,5997109393715,511546450,1981/04/26,2018/11/09,5963.4,2022/04/27,38
455355387432604226,41,6573950294817,344020387,2001/09/22,2016/04/13,3764.3,2022/05/10,36
461996170893760350,14,4414824766679,187236536,1985/09/01,2016/12/30,3903.4,2022/06/04,26
896483850801246050,22,1336270830074,739353589,1992/10/30,2019/12/05,5044.1,2022/04/06,38
833554397778102778,20,9499568527375,494037173,2000/07/11,2018/06/26,5061.2,2022/01/19,25
443597040397784171,34,9503270771217,136312010,1980/06/10,2016/11/30,3639.6,2022/02/05,30
630650075586846281,3,4835534694558,962123027,1999/05/30,2019/01/23,2235.2,2022/01/17,22
001784315666659649,1,1819567980008,580948960,1991/09/13,2017/03/27,2092.4,2022/01/14,31
151621849342812822,12,2139901101669,948721087,1992/09/27,2016/11/26,2982.8,2022/01/16,39
673346968632746071,26,7501720955174,718008494,1999/12/04,2018/02/05,3073.8,2022/01/27,31
410235566382862366,47,9154166988015,436779308,1995/03/13,2016/02/05,3374.3,2022/02/11,34
507927903966910385,55,4041567817144,642847330,2000/05/12,2017/10/18,2407.1,2021/08/02,27
201477405003214390,16,6911378017917,602680854,2003/09/09,2017/07/05,3403.3,2021/07/06,37
315813234089703083,35,6140906546453,597877958,1995/10/14,2021/05/20,5615.0,2021/11/18,29
479460978143505595,56,5772690736120,127250403,1998/02/13,2022/04/20,4838.1,2022/03/06,32
361192973007927341,14,7626484296756,163058044,1989/07/13,2020/01/24,3241.5,2022/06/13,29
512985239887114086,37,8193344255977,957178283,1998/04/01,2020/08/06,5763.1,2021/09/17,23
402487565417849196,61,3346863919535,649041863,1998/11/24,2016/03/23,4159.2,2022/01/24,24
724367878314111142,57,3811993233684,240715436,1995/09/20,2020/10/08,2530.7,2022/03/03,42
541155728377409072,57,6334909096554,787043101,1997/09/15,2018/05/09,5336.5,2022/03/11,37
866813626858323946,50,7389056751566,414111278,1997/05/11,2016/07/30,3681.1,2022/01/06,29
148408966240909863,40,8597956541128,640605735,1984/08/30,2019/03/28,2792.3,2021/07/24,39
